data_time,city_scope,city,year,period,total_inspected,total_failed,pass_rate,fail_rate,fail_reason,source_trace,data_mode
2026-05-03T00:50:31.771001+08:00,Taipei,臺北市,1921,1921,108757,1180,98.92,1.08,違規廣告,tsis.dbas.gov.taipei（臺北市食品衛生管理查驗工作，主計處）,real
2026-05-03T00:50:31.771001+08:00,Taipei,臺北市,1921,1921,108200,1013,99.06,0.94,違規廣告,tsis.dbas.gov.taipei（臺北市食品衛生管理查驗工作，主計處）,real
2026-05-03T00:50:31.771001+08:00,Taipei,臺北市,1921,1921,104322,765,99.27,0.73,違規廣告,tsis.dbas.gov.taipei（臺北市食品衛生管理查驗工作，主計處）,real
2026-05-03T00:50:31.771001+08:00,Taipei,臺北市,1921,1921,88432,638,99.28,0.72,違規廣告,tsis.dbas.gov.taipei（臺北市食品衛生管理查驗工作，主計處）,real
2026-05-03T00:50:31.771001+08:00,Taipei,臺北市,1921,1921,82732,630,99.24,0.76,違規廣告,tsis.dbas.gov.taipei（臺北市食品衛生管理查驗工作，主計處）,real
2026-05-03T00:50:31.771001+08:00,Taipei,臺北市,1921,1921,83629,619,99.26,0.74,違規廣告,tsis.dbas.gov.taipei（臺北市食品衛生管理查驗工作，主計處）,real
2026-05-03T00:50:31.771001+08:00,Taipei,臺北市,1921,1921,91067,622,99.32,0.68,違規廣告,tsis.dbas.gov.taipei（臺北市食品衛生管理查驗工作，主計處）,real
2026-05-03T00:50:31.771001+08:00,Taipei,臺北市,1921,1921,71983,994,98.62,1.38,違規廣告,tsis.dbas.gov.taipei（臺北市食品衛生管理查驗工作，主計處）,real
2026-05-03T00:50:31.771001+08:00,Taipei,臺北市,1921,1921,63543,944,98.51,1.49,違規廣告,tsis.dbas.gov.taipei（臺北市食品衛生管理查驗工作，主計處）,real
2026-05-03T00:50:31.771001+08:00,Taipei,臺北市,1921,1921,54838,398,99.27,0.73,微生物,tsis.dbas.gov.taipei（臺北市食品衛生管理查驗工作，主計處）,real
2026-05-03T00:50:31.771001+08:00,Taipei,臺北市,1922,1922,60532,249,99.59,0.41,微生物,tsis.dbas.gov.taipei（臺北市食品衛生管理查驗工作，主計處）,real
2026-05-03T00:50:31.771001+08:00,Taipei,臺北市,1922,1922,52587,193,99.63,0.37,微生物,tsis.dbas.gov.taipei（臺北市食品衛生管理查驗工作，主計處）,real
2026-05-03T00:50:31.771001+08:00,Taipei,臺北市,1922,1922,58291,317,99.46,0.54,微生物,tsis.dbas.gov.taipei（臺北市食品衛生管理查驗工作，主計處）,real
2026-05-03T00:50:31.771001+08:00,Taipei,臺北市,1922,1922,46526,350,99.25,0.75,微生物,tsis.dbas.gov.taipei（臺北市食品衛生管理查驗工作，主計處）,real
2026-05-03T00:50:31.771001+08:00,Taipei,臺北市,1922,1922,49511,350,99.29,0.71,微生物,tsis.dbas.gov.taipei（臺北市食品衛生管理查驗工作，主計處）,real
2026-05-03T00:50:31.771001+08:00,Taipei,臺北市,1992,1992,221512,771,99.65,0.35,微生物,tsis.dbas.gov.taipei（臺北市食品衛生管理查驗工作，主計處）,real
2026-05-03T00:50:31.771001+08:00,Taipei,臺北市,1993,1993,234380,708,99.7,0.3,微生物,tsis.dbas.gov.taipei（臺北市食品衛生管理查驗工作，主計處）,real
2026-05-03T00:50:31.771001+08:00,Taipei,臺北市,1994,1994,195366,605,99.69,0.31,微生物,tsis.dbas.gov.taipei（臺北市食品衛生管理查驗工作，主計處）,real
2026-05-03T00:50:31.771001+08:00,Taipei,臺北市,1995,1995,220718,891,99.6,0.4,微生物,tsis.dbas.gov.taipei（臺北市食品衛生管理查驗工作，主計處）,real
2026-05-03T00:50:31.771001+08:00,Taipei,臺北市,1996,1996,163474,1236,99.24,0.76,微生物,tsis.dbas.gov.taipei（臺北市食品衛生管理查驗工作，主計處）,real
2026-05-03T00:50:31.771001+08:00,Taipei,臺北市,1997,1997,211690,1237,99.42,0.58,微生物,tsis.dbas.gov.taipei（臺北市食品衛生管理查驗工作，主計處）,real
2026-05-03T00:50:31.771001+08:00,Taipei,臺北市,1998,1998,141279,893,99.37,0.63,微生物,tsis.dbas.gov.taipei（臺北市食品衛生管理查驗工作，主計處）,real
2026-05-03T00:50:31.771001+08:00,Taipei,臺北市,1999,1999,162015,723,99.55,0.45,微生物,tsis.dbas.gov.taipei（臺北市食品衛生管理查驗工作，主計處）,real
2026-05-03T00:50:31.771001+08:00,Taipei,臺北市,2000,2000,88341,615,99.3,0.7,微生物,tsis.dbas.gov.taipei（臺北市食品衛生管理查驗工作，主計處）,real
2026-05-03T00:50:31.771001+08:00,Taipei,臺北市,2001,2001,97013,571,99.41,0.59,微生物,tsis.dbas.gov.taipei（臺北市食品衛生管理查驗工作，主計處）,real
2026-05-03T00:50:31.771001+08:00,Taipei,臺北市,2002,2002,106997,672,99.37,0.63,微生物,tsis.dbas.gov.taipei（臺北市食品衛生管理查驗工作，主計處）,real
2026-05-03T00:50:31.771001+08:00,Taipei,臺北市,2003,2003,121725,476,99.61,0.39,微生物,tsis.dbas.gov.taipei（臺北市食品衛生管理查驗工作，主計處）,real
2026-05-03T00:50:31.771001+08:00,Taipei,臺北市,2004,2004,115266,1369,98.81,1.19,違規廣告,tsis.dbas.gov.taipei（臺北市食品衛生管理查驗工作，主計處）,real
2026-05-03T00:50:31.771001+08:00,Taipei,臺北市,2005,2005,84615,1069,98.74,1.26,違規廣告,tsis.dbas.gov.taipei（臺北市食品衛生管理查驗工作，主計處）,real
2026-05-03T00:50:31.771001+08:00,Taipei,臺北市,2006,2006,90714,1218,98.66,1.34,違規廣告,tsis.dbas.gov.taipei（臺北市食品衛生管理查驗工作，主計處）,real
2026-05-03T00:50:31.771001+08:00,Taipei,臺北市,2007,2007,105398,1082,98.97,1.03,違規廣告,tsis.dbas.gov.taipei（臺北市食品衛生管理查驗工作，主計處）,real
2026-05-03T00:50:31.771001+08:00,Taipei,臺北市,2008,2008,111744,1086,99.03,0.97,微生物,tsis.dbas.gov.taipei（臺北市食品衛生管理查驗工作，主計處）,real
2026-05-03T00:50:31.771001+08:00,Taipei,臺北市,2009,2009,84075,1067,98.73,1.27,違規廣告,tsis.dbas.gov.taipei（臺北市食品衛生管理查驗工作，主計處）,real
2026-05-03T00:50:31.771001+08:00,Taipei,臺北市,2010,2010,114245,1139,99.0,1.0,違規廣告,tsis.dbas.gov.taipei（臺北市食品衛生管理查驗工作，主計處）,real
2026-05-03T00:50:31.771001+08:00,NewTaipei,新北市,2025,2025,,,97.325,2.675,,data.ntpc（市售食品抽驗合格率，衛生局，4季均）,real
