data_time,year,product_category,district,inspection_result,shop_name,original_location,failure_reasons,updated_at
2026-05-03T02:57:09.821513+08:00,2024,柑桔類,中山,不符合規定,旺旺水果行(龍江水果行),旺旺水果行(龍江水果行)/臺北市中山區龍江路189號,"[""殺蟲劑Chlorpyrifos\t陶斯松0."", ""殺菌劑Famoxadone\t凡殺同0."", ""殺蟲劑Fenvalerate\t芬化利2.""]",2026-05-03T02:57:09.821513+08:00
2026-05-03T02:57:09.821513+08:00,2024,小葉菜類,中山,不符合規定,龍來餐飲有限公司(儂來美食),龍來餐飲有限公司(儂來美食)/臺北市中山區民生東路2段147巷11弄2-1號,"[""殺菌劑Boscalid\t白克列21."", ""殺菌劑Procymidone\t撲滅寧10.""]",2026-05-03T02:57:09.821513+08:00
2026-05-03T02:57:09.821513+08:00,2024,小漿果類,大安,不符合規定,一級鮮果商行,一級鮮果商行/臺北市大安區仁愛路4段408號,"[""殺蟲劑Methomyl\t納乃得3."", ""殺菌劑Pyraclostrobin\t百克敏1.""]",2026-05-03T02:57:09.821513+08:00
2026-05-03T02:57:09.821513+08:00,2024,包葉菜類,松山,不符合規定,無市招菜攤(陳O宏),無市招菜攤(陳O宏)/臺北市松山區八德路3段74巷3弄22號,"[""殺蟲劑Cypermethrin\t賽滅寧1."", ""殺蟲劑Dinotefuran\t達特南4.""]",2026-05-03T02:57:09.821513+08:00
2026-05-03T02:57:09.821513+08:00,2024,小漿果類,松山,不符合規定,微風超市股份有限公司(Breeze Super),微風超市股份有限公司(Breeze Super)/臺北市松山區南京東路3段337號2樓,"[""殺蟲劑Flonicamid\t氟尼胺0.""]",2026-05-03T02:57:09.821513+08:00
2026-05-03T02:57:09.821513+08:00,2024,包葉菜類,士林,不符合規定,全聯實業股份有限公司天母天玉分公司,全聯實業股份有限公司天母天玉分公司/臺北市士林區天母西路3號地下,"[""殺蟲劑Pyriproxyfen\t百利普芬0.""]",2026-05-03T02:57:09.821513+08:00
2026-05-03T02:57:09.821513+08:00,2024,包葉菜類,中山,不符合規定,臺北市第二果菜批發市場18-09號攤,臺北市第二果菜批發市場18-09號攤/臺北市中山區民族東路336號,"[""殺菌劑Flutolanil\t福多寧0.""]",2026-05-03T02:57:09.821513+08:00
2026-05-03T02:57:09.821513+08:00,2024,小漿果類,南山,不符合規定,阿一蔬果有限公司,阿一蔬果有限公司/臺北市南港區忠孝東路6段85號,"[""殺蟲劑Flonicamid\t氟尼胺0.""]",2026-05-03T02:57:09.821513+08:00
2026-05-03T02:57:09.821513+08:00,2024,小漿果類,中正,不符合規定,梅林水果行,梅林水果行/臺北市中正區開封街1段81、83號1樓,"[""殺蟲劑Flonicamid\t氟尼胺0.""]",2026-05-03T02:57:09.821513+08:00
2026-05-03T02:57:09.821513+08:00,2024,小葉菜類,松山,不符合規定,天香,天香/臺北市松山區八德路3段76號中崙市場第24號攤,"[""殺蟲劑Emamectin benzoate\t因滅汀0.""]",2026-05-03T02:57:09.821513+08:00
2026-05-03T02:57:09.821513+08:00,2024,小葉菜類,南港,不符合規定,林O省(蔬菜承銷人3067),林O省(蔬菜承銷人3067)/臺北市萬華區萬大路533號(第一果菜批發市場地號1610),"[""殺菌劑Difenoconazole\t待克利2.""]",2026-05-03T02:57:09.821513+08:00
2026-05-03T02:57:09.821513+08:00,2024,小葉菜類,士林,不符合規定,錢儷小吃店(錢都日式涮涮鍋),錢儷小吃店(錢都日式涮涮鍋)/臺北市士林區福國路71號1樓,"[""殺菌劑Chlorothalonil四氯異苯腈4.""]",2026-05-03T02:57:09.821513+08:00
2026-05-03T02:57:09.821513+08:00,2024,小葉菜類,大安,不符合規定,三商家購股份有限公司大安樂業門市(美廉社),三商家購股份有限公司大安樂業門市(美廉社)/臺北市大安區樂業街141號,"[""殺菌劑Chlorothalonil\t四氯異苯腈3.""]",2026-05-03T02:57:09.821513+08:00
2026-05-03T02:57:09.821513+08:00,2024,小葉菜類,中正,不符合規定,鼎王國際餐飲股份有限公司無老台北中華分公司(無老鍋西門町店),鼎王國際餐飲股份有限公司無老台北中華分公司(無老鍋西門町店)/臺北市中正區中華路1段55號2樓,"[""殺蟲劑Tolfenpyrad\t脫芬瑞0.""]",2026-05-03T02:57:09.821513+08:00
2026-05-03T02:57:09.821513+08:00,2024,小漿果類,中山,不符合規定,旺旺水果行（龍江水果行）,旺旺水果行（龍江水果行）/臺北市中山區龍江路189號,"[""殺菌劑Fludioxonil\t護汰寧2.""]",2026-05-03T02:57:09.821513+08:00
2026-05-03T02:57:09.821513+08:00,2024,包裝,信義,不符合規定,"家樂福線上購物
(https:","家樂福線上購物
(https://online.carrefour.com.tw/)","[""克美素-0.""]",2026-05-03T02:57:09.821513+08:00
2026-05-03T02:57:09.821513+08:00,2024,包裝,信義,不符合規定,"Pchome24h購物
(https:","Pchome24h購物
(https://24h.pchome.com.tw/)","[""1.蘇丹三號-"", ""2.克美素-0.""]",2026-05-03T02:57:09.821513+08:00
2026-05-03T02:57:09.821513+08:00,2024,包裝,大同,不符合規定,"momo購物網
(https:","momo購物網
(https://www.momoshop.com.tw/main/Main.jsp)","[""1.二、四地"", ""2.克美素-0.""]",2026-05-03T02:57:09.821513+08:00
2026-05-03T02:57:09.821513+08:00,2024,包裝,信義,不符合規定,"蝦皮購物-紀宸商行-南北貨批發
(https:","蝦皮購物-紀宸商行-南北貨批發
(https://shopee.tw/jichenhang)","[""1.蘇丹三號-"", ""2.克美素-0.""]",2026-05-03T02:57:09.821513+08:00
2026-05-03T02:57:09.821513+08:00,2024,包裝,信義,不符合規定,"蝦皮購物-泰菲印越2.0
(https:","蝦皮購物-泰菲印越2.0
(https://shopee.tw/tfiv2.0)","[""1.蘇丹三號-"", ""2.克美素-0.""]",2026-05-03T02:57:09.821513+08:00
2026-05-03T02:57:09.821513+08:00,2024,包裝,文山,不符合規定,遠百企業股份有限公司景美分公司,遠百企業股份有限公司景美分公司/臺北市文山區景中街30巷12號1.2樓,"[""克美素-0.""]",2026-05-03T02:57:09.821513+08:00
2026-05-03T02:57:09.821513+08:00,2024,豆乾類,信義,不符合規定,阿泓潤餅,阿泓潤餅/臺北市信義區吳興街189號,"[""苯甲酸1.25g/kg""]",2026-05-03T02:57:09.821513+08:00
2026-05-03T02:57:09.821513+08:00,2024,花生粉,內湖,不符合規定,豪棧小吃店,豪棧小吃店/臺北市內湖區內湖路1段285巷59弄1號,"[""總黃麴毒素30.8ug/kg""]",2026-05-03T02:57:09.821513+08:00
2026-05-03T02:57:09.821513+08:00,2024,豆乾類,內湖,不符合規定,麗山市場第70攤,麗山市場第70攤/臺北市內湖區內湖路1段737巷50弄6號	,"[""苯甲酸1.3g/kg""]",2026-05-03T02:57:09.821513+08:00
2026-05-03T02:57:09.821513+08:00,2024,雞肉,松山,不符合規定,新東南海鮮餐廳松山館,新東南海鮮餐廳松山館/臺北市松山區八德路4段656號1樓、2樓,"[""三甲氧芐氨嘧啶"", ""（標準：0.05ppm）""]",2026-05-03T02:57:09.821513+08:00
2026-05-03T02:57:09.821513+08:00,2024,雞肉,松山,不符合規定,武昌市場-無市招攤販,武昌市場-無市招攤販/臺北市松山區南京東路5段59巷27弄27號,"[""三甲氧芐氨嘧啶"", ""（標準：0.05ppm）""]",2026-05-03T02:57:09.821513+08:00
2026-05-03T02:57:09.821513+08:00,2024,雞肉,南港,不符合規定,環南市場家禽區-健業生鮮肉品(13號攤),環南市場家禽區-健業生鮮肉品(13號攤)/臺北市萬華區環河南路二段245號 - 家禽區13號攤,"[""三甲氧芐氨嘧啶"", ""（標準：0.05ppm）""]",2026-05-03T02:57:09.821513+08:00
2026-05-03T02:57:09.821513+08:00,2024,雞肉,中正,不符合規定,南門市場-光揚家禽畜產(7.8號攤),南門市場-光揚家禽畜產(7.8號攤)/臺北市中正區羅斯福路一段8號B103-06,"[""脫氧羥四環黴素"", ""（標準：0.3 ppm）""]",2026-05-03T02:57:09.821513+08:00
2026-05-03T02:57:09.821513+08:00,2024,雞肉,信義,不符合規定,永春市場65號攤-專售花東的雞,永春市場65號攤-專售花東的雞/臺北市信義區松山路294號,"[""脫氧羥四環黴素"", ""（標準：0.3 ppm）""]",2026-05-03T02:57:09.821513+08:00
2026-05-03T02:57:09.821513+08:00,2024,雞蛋,南港,不符合規定,三商家購股份有限公司(美廉社萬華雙園店),三商家購股份有限公司(美廉社萬華雙園店)/臺北市萬華區雙園街13號1樓,"[""乃卡巴精"", ""0.""]",2026-05-03T02:57:09.821513+08:00
2026-05-03T02:57:09.821513+08:00,2024,雞蛋,中山,不符合規定,有利蛋行,有利蛋行/臺北市中山區新生北路3段11巷49號,"[""甲磺氯黴素"", ""0."", ""氟滅菌"", ""0.""]",2026-05-03T02:57:09.821513+08:00
2026-05-03T02:57:09.821513+08:00,2024,葡萄籽油,信義,不符合規定,微風超市股份有限公司(Breeze Super),微風超市股份有限公司(Breeze Super)/臺北市信義區松智路17號B1F,"[""檢出反式脂肪酸甲基酯""]",2026-05-03T02:57:09.821513+08:00
2026-05-03T02:57:09.821513+08:00,2024,花草茶,大同,不符合規定,湘帝蔘茸有限公司,湘帝蔘茸有限公司/臺北市大同區迪化街1段58號1樓	,"[""殺蟲劑Acetamiprid\t亞滅培"", ""0.""]",2026-05-03T02:57:09.821513+08:00
2026-05-03T02:57:09.821513+08:00,2024,花草茶,中山,不符合規定,閤家生活開發有限公司民權店(8% ice CAFÉ),閤家生活開發有限公司民權店(8% ice CAFÉ)/臺北市中山區民權東路1段79號1樓,"[""殺菌劑Carbendazim\t貝芬替"", ""0."", ""殺蟲劑Cypermethrin\t賽滅寧"", ""0."", ""殺蟲劑Fipronil\t芬普尼"", ""0."", ""殺蟲劑Imidacloprid\t益達胺"", ""0."", ""殺菌劑Isoprothiolane\t亞賜圃"", ""0.""]",2026-05-03T02:57:09.821513+08:00
2026-05-03T02:57:09.821513+08:00,2024,花草茶,北投,不符合規定,牙口義大利麵館,牙口義大利麵館/臺北市北投區大興街9巷45號,"[""殺蟲劑Phosalone裕必松"", ""0.19 pm（標準：不得檢出）""]",2026-05-03T02:57:09.821513+08:00
2026-05-03T02:57:09.821513+08:00,2024,花草茶,大安,不符合規定,棋軒實業有限公司(棋美點心屋),棋軒實業有限公司(棋美點心屋)/臺北市大安區復興南路2段292號,"[""殺蟲劑Cypermethrin\t賽滅寧"", ""0.""]",2026-05-03T02:57:09.821513+08:00
2026-05-03T02:57:09.821513+08:00,2024,花草茶,內湖,不符合規定,運立國際有限公司,運立國際有限公司/臺北市內湖區基湖路35巷16號4樓,"[""殺蟲劑Cypermethrin\t賽滅寧"", ""0."", ""殺蟲劑Deltamethrin\t第滅寧"", ""0."", ""殺菌劑Tebuconazole\t得克利"", ""0.""]",2026-05-03T02:57:09.821513+08:00
2026-05-03T02:57:09.821513+08:00,2024,花草茶,南港,不符合規定,燒杯咖啡餐坊(燒杯咖啡藝廚),燒杯咖啡餐坊(燒杯咖啡藝廚)/臺北市萬華區西園路1段240號1樓,"[""殺蟲劑Omethoate\t歐滅松"", ""0.""]",2026-05-03T02:57:09.821513+08:00
2026-05-03T02:57:09.821513+08:00,2024,花草茶,南港,不符合規定,象泰泰手工泰式奶茶店(象泰泰),象泰泰手工泰式奶茶店(象泰泰)/臺北市萬華區武昌街2段100號1樓,"[""殺蟲劑Bifenthrin\t畢芬寧"", ""0."", ""殺蟲劑Cypermethrin\t賽滅寧"", ""0."", ""殺蟲劑Fipronil\t芬普尼"", ""0."", ""殺蟲劑Triazophos\t三落松"", ""0.""]",2026-05-03T02:57:09.821513+08:00
2026-05-03T02:57:09.821513+08:00,2024,花草茶,中正,不符合規定,非凡品樂有限公司(HERITAGE),非凡品樂有限公司(HERITAGE)/臺北市中正區漢口街1段73之2號1樓,"[""殺菌劑Triadimenol\t三泰隆"", ""0.""]",2026-05-03T02:57:09.821513+08:00
2026-05-03T02:57:09.821513+08:00,2024,花草茶,松山,不符合規定,伍五伍商行(泰讚了thai like tea市民店),伍五伍商行(泰讚了thai like tea市民店)/臺北市松山區市民大道5段37號,"[""殺蟲劑Cypermethrin\t賽滅寧0.""]",2026-05-03T02:57:09.821513+08:00
2026-05-03T02:57:09.821513+08:00,2024,小漿果類,信義,不符合規定,食代嚴選（https:,食代嚴選（https://www.fresh2you.tw）,"[""殺蟲劑Bifenthrin\t畢芬寧1."", ""殺菌劑Carbendazim\t貝芬替0."", ""殺蟲劑Chlorfenapyr\t克凡派0."", ""殺菌劑Difenoconazole\t待克利0."", ""殺菌劑Dimethomorph\t達滅芬0."", ""殺蟲劑Dinotefuran\t達特南0."", ""殺蟲劑Fenvalerate\t芬化利0."", ""殺蟲劑Flubendiamide\t氟大滅0."", ""殺菌劑Fluopicolide\t氟比來0."", ""殺蟲劑Methomyl\t納乃得10."", ""殺線蟲劑Oxamyl\t毆殺滅0."", ""殺菌劑Procymidone\t撲滅寧0."", ""殺蟲劑Profenophos\t佈飛松0."", ""殺菌劑Propamocarb hydrochloride\t普拔克0."", ""殺菌劑Pyraclostrobin\t百克敏0."", ""殺蟲劑Pyriproxyfen\t百利普芬0."", ""殺蟎劑Spirotetramat\t賜派滅0."", ""殺菌劑Thiabendazole\t腐絕0."", ""殺蟲劑Thiodicarb\t硫敵克0.""]",2026-05-03T02:57:09.821513+08:00
2026-05-03T02:57:09.821513+08:00,2024,香辛植物及其他草木本植物,信義,不符合規定,食代嚴選（https:,食代嚴選（https://www.fresh2you.tw）,"[""殺草劑Ametryn\t草殺淨0."", ""殺蟲劑Carbofuran\t加保扶0."", ""殺蟲劑Chlorpyrifos\t陶斯松0."", ""殺蟲劑Fenitrothion\t撲滅松0."", ""殺菌劑Hexaconazole\t菲克利0."", ""殺草劑Oxadiazon\t樂滅草0."", ""殺草劑Pendimethalin\t施得圃0."", ""殺蟲劑Phorate\t福瑞松0."", ""殺草劑Thiobencarb\t殺丹0.""]",2026-05-03T02:57:09.821513+08:00
2026-05-03T02:57:09.821513+08:00,2024,香辛植物及其他草木本植物,南港,不符合規定,3446何O獅,3446何O獅/臺北市萬華區萬大路533號地號930,"[""殺蟲劑Acetamiprid\t亞滅培0."", ""殺菌劑Dimethomorph\t達滅芬0."", ""殺蟲劑Dinotefuran\t達特南0."", ""殺蟲劑Methomyl\t納乃得2."", ""殺菌劑Pyraclostrobin\t百克敏0."", ""殺蟲劑Thiodicarb\t硫敵克0.""]",2026-05-03T02:57:09.821513+08:00
2026-05-03T02:57:09.821513+08:00,2024,香辛植物及其他草木本植物,中山,不符合規定,陳O明（臺北市中山區民族東路410巷55號門口前,陳O明（臺北市中山區民族東路410巷55號門口前/榮濱市場路邊攤）,"[""殺菌劑Dimethomorph\t達滅芬0."", ""殺菌劑Propamocarb hydrochloride\t普拔克0."", ""殺蟲劑Terbufos\t托福松0.""]",2026-05-03T02:57:09.821513+08:00
2026-05-03T02:57:09.821513+08:00,2024,香辛植物及其他草木本植物,信義,不符合規定,食代嚴選（https:,食代嚴選（https://www.fresh2you.tw）,"[""殺菌劑Carbendazim\t貝芬替0."", ""殺蟲劑Chlorfenapyr\t克凡派0."", ""殺蟲劑Dinotefuran\t達特南0.""]",2026-05-03T02:57:09.821513+08:00
2026-05-03T02:57:09.821513+08:00,2024,豆菜類,士林,不符合規定,天寶小吃店(全國健康素食),天寶小吃店(全國健康素食)/臺北市士林區天母西路32號,"[""殺蟎劑Formetanate\t覆滅蟎0."", ""殺蟲劑Thiamethoxam\t賽速安0.""]",2026-05-03T02:57:09.821513+08:00
2026-05-03T02:57:09.821513+08:00,2024,小葉菜類,信義,不符合規定,大地美饌有限公司(KiKi餐廳),大地美饌有限公司(KiKi餐廳)/臺北市信義區松壽路12號6樓,"[""殺菌劑Cyproconazole\t環克座0."", ""殺蟎劑Spirodiclofen\t賜派芬0.""]",2026-05-03T02:57:09.821513+08:00
2026-05-03T02:57:09.821513+08:00,2024,根莖菜類,中山,不符合規定,吳O玲,吳O玲/臺北市中山區民族東路410巷2弄10號前榮濱市場路邊攤	,"[""殺蟲劑Dinotefuran\t達特南0."", ""殺蟲劑Malathion\t馬拉松0.""]",2026-05-03T02:57:09.821513+08:00
2026-05-03T02:57:09.821513+08:00,2024,小漿果類,信義,不符合規定,新鮮屋（https:,新鮮屋（https://www.fresco.casa）,"[""殺蟎劑Acrinathrin 阿納寧0.01 ppm（標準：不得檢出）""]",2026-05-03T02:57:09.821513+08:00
2026-05-03T02:57:09.821513+08:00,2024,小葉菜類,士林,不符合規定,天寶小吃店(全國健康素食),天寶小吃店(全國健康素食)/臺北市士林區天母西路32號,"[""殺蟲劑Chlorpyrifos\t陶斯松0.""]",2026-05-03T02:57:09.821513+08:00
2026-05-03T02:57:09.821513+08:00,2024,小葉菜類,信義,不符合規定,無市招菜攤（邵O祥,無市招菜攤（邵O祥/臺北市信義區虎林街122號）,"[""殺蟎劑Spirodiclofen\t賜派芬0.""]",2026-05-03T02:57:09.821513+08:00
2026-05-03T02:57:09.821513+08:00,2024,包葉菜類,南港,不符合規定,3232林O梅,3232林O梅/臺北市萬華區萬大路533號地號216,"[""殺蟲劑Emamectin benzoate\t因滅汀0.""]",2026-05-03T02:57:09.821513+08:00
2026-05-03T02:57:09.821513+08:00,2024,小葉菜類,南港,不符合規定,3576陳O利,3576陳O利/臺北市萬華區萬大路533號地號327,"[""殺草劑Oxadiazon\t樂滅草0.""]",2026-05-03T02:57:09.821513+08:00
2026-05-03T02:57:09.821513+08:00,2024,小葉菜類,信義,不符合規定,無市招菜攤(邵O祥),無市招菜攤(邵O祥)/臺北市信義區虎林街122號,"[""殺蟲劑Diflubenzuron二福隆2.4 ppm（標準：1.0 ppm以下）""]",2026-05-03T02:57:09.821513+08:00
2026-05-03T02:57:09.821513+08:00,2024,小葉菜類,士林,不符合規定,欣盛小吃店(晴光精緻自助餐),欣盛小吃店(晴光精緻自助餐)/臺北市士林區中正路363號,"[""殺菌劑Azoxystrobin\t亞托敏1."", ""殺蟲劑Chlorpyrifos\t陶斯松0."", ""殺菌劑Cyazofamid\t賽座滅0."", ""殺草劑Oxadiazon\t樂滅草0.""]",2026-05-03T02:57:09.821513+08:00
2026-05-03T02:57:09.821513+08:00,2024,小葉菜類,大安,不符合規定,全國食養創作全自助餐復興店(全國素食精緻全自助餐),全國食養創作全自助餐復興店(全國素食精緻全自助餐)/臺北市大安區復興南路2段314號,"[""殺蟲劑Chlorpyrifos陶斯松0."", ""殺菌劑Cyazofamid\t賽座滅0."", ""殺蟲劑Imidacloprid\t益達胺1.""]",2026-05-03T02:57:09.821513+08:00
2026-05-03T02:57:09.821513+08:00,2024,小葉菜類,南港,不符合規定,第一果菜批發市場王黃O彫,第一果菜批發市場王黃O彫/臺北市萬華區萬大路533號地號410,"[""殺蟲劑3-羥基加保扶"", ""殺蟎劑Spirodiclofen\t賜派芬0."", ""殺蟲劑\tTolfenpyrad\t脫芬瑞0.""]",2026-05-03T02:57:09.821513+08:00
2026-05-03T02:57:09.821513+08:00,2024,小葉菜類,中正,不符合規定,祥和小吃店(祥和蔬食精緻料理),祥和小吃店(祥和蔬食精緻料理)/臺北市中正區鎮江街1巷1號,"[""殺草劑Ametryn草殺淨0.06ppm（ 標準： 不得檢出）"", ""殺菌劑Propamocarb hydrochloride普拔克13.9ppm（標準：10.0ppm以下）""]",2026-05-03T02:57:09.821513+08:00
2026-05-03T02:57:09.821513+08:00,2024,果菜類,松山,不符合規定,佰芸蔬菜行,佰芸蔬菜行/臺北市松山區八德路3段74巷3弄18號,"[""殺蟲劑Buprofezin布芬淨0.02ppm（標準：不得檢出）"", ""殺菌劑Pyraclostrobin百克敏0.8ppm（標準：0.5ppm以下）""]",2026-05-03T02:57:09.821513+08:00
2026-05-03T02:57:09.821513+08:00,2024,小葉菜類,大安,不符合規定,川妹子小吃店,川妹子小吃店/臺北市大安區光復南路240巷52號,"[""殺蟲劑3-酮基加保扶（ 3-keto Carbofuran） 0.04ppm、3-羥基加保扶（ 3-OH Carbofuran）0.54ppm、加保扶（Carbofuran）1.06ppm、丁基加保扶（Carbosulfan）0.20ppm（標準：0.5ppm以下）"", ""殺蟎劑Spirodiclofen賜派芬0.11ppm（標準：0.01ppm以下）""]",2026-05-03T02:57:09.821513+08:00
2026-05-03T02:57:09.821513+08:00,2024,小葉菜類,北投,不符合規定,丁O江蔬果行,丁O江蔬果行/臺北市北投區清江路35號,"[""殺菌劑Fluxapyroxad\t氟克殺0.""]",2026-05-03T02:57:09.821513+08:00
2026-05-03T02:57:09.821513+08:00,2024,根莖菜類,中山,不符合規定,陳O溪(第二果菜批發市場23-12號攤),陳O溪(第二果菜批發市場23-12號攤)/臺北市中山區民族東路336號1樓,"[""殺蟲劑Fipronil芬普尼0.006ppm、Fipronilsulfone芬普尼代謝物0.013ppm（標準：0.001ppm以下）""]",2026-05-03T02:57:09.821513+08:00
2026-05-03T02:57:09.821513+08:00,2024,小葉菜類,松山,不符合規定,全國食養創作全自助餐,全國食養創作全自助餐/臺北市松山區南京東路5段123巷31號,"[""殺菌劑Azoxystrobin亞托敏5.4ppm（標準：1.0ppm以下）""]",2026-05-03T02:57:09.821513+08:00
2026-05-03T02:57:09.821513+08:00,2024,小葉菜類,士林,不符合規定,瓦城泰統股份有限公司天母SOGO店(非常泰),瓦城泰統股份有限公司天母SOGO店(非常泰)/臺北市士林區中正路6段77號8樓,"[""殺蟲劑Fipronil-sulfone芬普尼代謝物0.004ppm（標準：0.001ppm以下）""]",2026-05-03T02:57:09.821513+08:00
2026-05-03T02:57:09.821513+08:00,2024,小葉菜類,中山,不符合規定,高O松,高O松/臺北市中山區民族東路336號1樓第二果菜批發市場11-08號攤,"[""殺蟎劑\tSpirodiclofen\t賜派芬0.""]",2026-05-03T02:57:09.821513+08:00
2026-05-03T02:57:09.821513+08:00,2024,小葉菜類,中山,不符合規定,陳O宏(第二果菜批發市場23-11號攤,陳O宏(第二果菜批發市場23-11號攤/臺北市中山區民族東路336號）,"[""殺蟲劑3-keto Carbofuran3-酮基加保扶0.02ppm、3-O H C arbofuran3-羥基加保扶0.22ppm 、Carbofuran加保扶0.51ppm、Carbosulfan丁基加保扶0.05ppm（標準：0.5ppm以下）""]",2026-05-03T02:57:09.821513+08:00
2026-05-03T02:57:09.821513+08:00,2024,果菜類,大安,不符合規定,全國食養創作全自助餐復興店(全國素食精緻全自助餐),全國食養創作全自助餐復興店(全國素食精緻全自助餐)/臺北市大安區復興南路2段314號,"[""殺蟲劑Chlorfenapyr\t克凡派0.""]",2026-05-03T02:57:09.821513+08:00
2026-05-03T02:57:09.821513+08:00,2024,糕粿類製品,松山,不符合規定,田中湯圓,田中湯圓/臺北市松山區南京東路5段291巷10號,"[""苯甲酸：2.9g/kg"", ""（標準：1.0g/kg）""]",2026-05-03T02:57:09.821513+08:00
2026-05-03T02:57:09.821513+08:00,2024,小葉菜類,信義,不符合規定,欣葉台菜信義新天地A9館,欣葉台菜信義新天地A9館/臺北市信義區松壽路9號8樓,"[""殺菌劑Mandipropamid\t曼普胺0."", ""殺菌劑Oxathiapiprolin\t歐西比0.""]",2026-05-03T02:57:09.821513+08:00
2026-05-03T02:57:09.821513+08:00,2024,小葉菜類,南港,不符合規定,第一果菜批發市場地號433,第一果菜批發市場地號433/臺北市萬華區萬大路533號,"[""殺草劑Ametryn\t草殺淨0."", ""殺菌劑Dimethomorph\t達滅芬2.""]",2026-05-03T02:57:09.821513+08:00
2026-05-03T02:57:09.821513+08:00,2024,根莖菜類,士林,不符合規定,上禾食堂(潮味決湯滷專門店士林中正店),上禾食堂(潮味決湯滷專門店士林中正店)/臺北市士林區中正路358號,"[""殺蟲劑Thiamethoxam\t賽速安0."", ""殺蟲劑Trichlorfon\t三氯松0.""]",2026-05-03T02:57:09.821513+08:00
2026-05-03T02:57:09.821513+08:00,2024,梨果類,中山,不符合規定,協豐水果行,協豐水果行/臺北市中山區民族東路336號6-08攤,"[""殺菌劑Mefentrifluconazole\t滅芬座0.""]",2026-05-03T02:57:09.821513+08:00
2026-05-03T02:57:09.821513+08:00,2024,大漿果類,南山,不符合規定,菓之鄉水果專賣店,菓之鄉水果專賣店/臺北市南港區同德路60號,"[""殺蟎劑Bifenazate\t必芬蟎0.""]",2026-05-03T02:57:09.821513+08:00
2026-05-03T02:57:09.821513+08:00,2024,小葉菜類,內湖,不符合規定,幸福品味實業股份有限公司(美福食集),幸福品味實業股份有限公司(美福食集)/臺北市內湖區民善街128號,"[""殺蟎劑Fenbutatin-oxide\t芬佈賜0.""]",2026-05-03T02:57:09.821513+08:00
2026-05-03T02:57:09.821513+08:00,2024,大漿果類,中山,不符合規定,鼎皇麻辣火鍋店(天外天麻辣火鍋),鼎皇麻辣火鍋店(天外天麻辣火鍋)/臺北市中山區民權東路2段1號,"[""殺蟲劑Cyromazine\t賽滅淨0.""]",2026-05-03T02:57:09.821513+08:00
2026-05-03T02:57:09.821513+08:00,2024,小葉菜類,南山,不符合規定,嘉年華小吃店,嘉年華小吃店/臺北市南港區同德路72號1樓,"[""殺菌劑Fenoxanil\t芬諾尼0.""]",2026-05-03T02:57:09.821513+08:00
2026-05-03T02:57:09.821513+08:00,2024,小葉菜類,南港,不符合規定,田心蔬果(田進和),田心蔬果(田進和)/臺北市萬華區環河南路2段245號環南綜合市場蔬菜攤250號攤,"[""殺菌劑Cyprodinil\t賽普洛0.""]",2026-05-03T02:57:09.821513+08:00
2026-05-03T02:57:09.821513+08:00,2024,小葉菜類,內湖,不符合規定,幸福品味實業股份有限公司(美福食集),幸福品味實業股份有限公司(美福食集)/臺北市內湖區民善街128號,"[""殺菌劑Pyraclostrobin\t百克敏0.""]",2026-05-03T02:57:09.821513+08:00
2026-05-03T02:57:09.821513+08:00,2024,根莖菜類,信義,不符合規定,微風超市股份有限公司(微風超市南山店,微風超市股份有限公司(微風超市南山店/Breeze Super)/臺北市信義區松智路17號B1,"[""殺蟲劑Dinotefuran\t達特南0.""]",2026-05-03T02:57:09.821513+08:00
2026-05-03T02:57:09.821513+08:00,2024,小葉菜類,中山,不符合規定,蔬菜攤,蔬菜攤/臺北市中山區龍江路179巷15之5號,"[""殺蟲劑Pyriproxyfen\t百利普芬0.""]",2026-05-03T02:57:09.821513+08:00
2026-05-03T02:57:09.821513+08:00,2024,蟹類,南山,不符合規定,六福開發股份有限公司南港分公司,六福開發股份有限公司南港分公司/臺北市南港區忠孝東路7段359號7樓,"[""鎘：0.6mg/kg""]",2026-05-03T02:57:09.821513+08:00
2026-05-03T02:57:09.821513+08:00,2024,養殖魚類,中正,不符合規定,李碧綺號(南門鮮魚號),李碧綺號(南門鮮魚號)/臺北市中正區羅斯福路1路8號(南門市場B1-47),"[""還原型結晶紫（leucocrystal violet, LCV） 0.6 ppb（標準"", ""：不得檢出）""]",2026-05-03T02:57:09.821513+08:00
2026-05-03T02:57:09.821513+08:00,2024,辣椒粉,士林,不符合規定,民友商行（民友超級商店）,民友商行（民友超級商店）/臺北市士林區中正路586巷20號,"[""二‧四地（2,4-D）:0."", ""（標準:0.05ppm）""]",2026-05-03T02:57:09.821513+08:00
2026-05-03T02:57:09.821513+08:00,2024,塑膠類,北投,不符合規定,一加一五金行,一加一五金行/臺北市北投區中央南路1段154號,"[""本體未以印刷、打印或壓印方式標示耐熱溫度。""]",2026-05-03T02:57:09.821513+08:00
2026-05-03T02:57:09.821513+08:00,2024,塑膠類,南港,不符合規定,嘉政國際有限公司,嘉政國際有限公司/臺北市萬華區環河南路1段181-6、181-7號1樓,"[""1.未標示淨重、容量或數量。"", ""2.未標示湯匙耐熱溫度。""]",2026-05-03T02:57:09.821513+08:00
2026-05-03T02:57:09.821513+08:00,2024,飲料,中正,不符合規定,甯臻恩飲料店(黑丸嫩仙草古亭店),甯臻恩飲料店(黑丸嫩仙草古亭店)/臺北市中正區同安街65號,"[""腸桿菌科：1.6x10^3 CFU/mL""]",2026-05-03T02:57:09.821513+08:00
2026-05-03T02:57:09.821513+08:00,2024,飲料,內湖,不符合規定,珍煮丹股份有限公司內湖江南分公司,珍煮丹股份有限公司內湖江南分公司/臺北市內湖區江南街108號1樓,"[""腸桿菌科：18 CFU/mL""]",2026-05-03T02:57:09.821513+08:00
2026-05-03T02:57:09.821513+08:00,2024,配料,中山,不符合規定,崑成商行(酷加飲品),崑成商行(酷加飲品)/臺北市中山區龍江路342巷23號,"[""己二烯酸：0.33g/kg""]",2026-05-03T02:57:09.821513+08:00
2026-05-03T02:57:09.821513+08:00,2024,飲料,大安,不符合規定,沐鑫國際餐飲有限公司(烈奶茶忠孝復興店),沐鑫國際餐飲有限公司(烈奶茶忠孝復興店)/臺北市大安區復興南路1段133號,"[""腸桿菌科：4.6x10^4 CFU/mL""]",2026-05-03T02:57:09.821513+08:00
2026-05-03T02:57:09.821513+08:00,2024,冰品,南港,不符合規定,杏玥冰坊,杏玥冰坊/臺北市萬華區寶興街129號1樓,"[""腸桿菌科：2.6x10^3 CFU/g""]",2026-05-03T02:57:09.821513+08:00
2026-05-03T02:57:09.821513+08:00,2024,冰品,松山,不符合規定,橫濱牛排南京微風店,橫濱牛排南京微風店/臺北市松山區南京東路3段337號3樓,"[""腸桿菌科：5.4x10^2 CFU/g""]",2026-05-03T02:57:09.821513+08:00
2026-05-03T02:57:09.821513+08:00,2024,飲料,文山,不符合規定,馬祖奶茶(文山木新店),馬祖奶茶(文山木新店)/臺北市文山區木新路3段33號,"[""腸桿菌科：1.7x10^4 CFU/mL""]",2026-05-03T02:57:09.821513+08:00
2026-05-03T02:57:09.821513+08:00,2024,冰品,內湖,不符合規定,Journey Kaffe覺旅咖啡-陽光分公司,Journey Kaffe覺旅咖啡-陽光分公司/臺北市內湖區陽光街321巷42號,"[""腸桿菌科：3.2x10^2 CFU/g""]",2026-05-03T02:57:09.821513+08:00
2026-05-03T02:57:09.821513+08:00,2024,豆菜類,中正,不符合規定,果粉水果行(果粉水果超市汀州店),果粉水果行(果粉水果超市汀州店)/臺北市中正區汀州路2段335號,"[""殺菌劑Bupirimate\t布瑞莫0."", ""殺菌劑Prochloraz\t撲克拉0."", ""殺蟲劑Pyriproxyfen\t百利普芬0."", ""殺蟲劑Spinetoram\t賜諾特0."", ""殺蟲劑Tolfenpyrad\t脫芬瑞0.""]",2026-05-03T02:57:09.821513+08:00
2026-05-03T02:57:09.821513+08:00,2024,豆菜類,士林,不符合規定,詠鑽蔬果專賣店(新天地蔬果量販店),詠鑽蔬果專賣店(新天地蔬果量販店)/臺北市士林區美崙街18號1樓,"[""殺菌劑Diniconazole\t達克利0."", ""殺線蟲劑Fosthiazate\t福賽絕0."", ""殺蟲劑Thiamethoxam\t賽速安0.""]",2026-05-03T02:57:09.821513+08:00
2026-05-03T02:57:09.821513+08:00,2024,核果類,中正,不符合規定,果粉水果行(果粉水果超市汀州店),果粉水果行(果粉水果超市汀州店)/臺北市中正區汀州路2段335號,"[""殺蟲劑Chlorpyrifos陶斯松1."", ""殺蟲劑Fenvalerate\t芬化利1."", ""殺蟲劑Permethrin\t百滅寧0.""]",2026-05-03T02:57:09.821513+08:00
2026-05-03T02:57:09.821513+08:00,2024,小葉菜類,南港,不符合規定,臺北市萬華區萬大路533號第一果菜批發市場地號137,臺北市萬華區萬大路533號第一果菜批發市場地號137,"[""殺蟲劑Acetamiprid\t亞滅培0."", ""殺蟎劑Hexythiazox\t合賽多0."", ""殺蟎劑Spirodiclofen\t賜派芬0.""]",2026-05-03T02:57:09.821513+08:00
2026-05-03T02:57:09.821513+08:00,2024,小葉菜類,大安,不符合規定,太平洋崇光百貨股份有限公司(Fresh Mart忠孝店),太平洋崇光百貨股份有限公司(Fresh Mart忠孝店)/臺北市大安區忠孝東路4段45號B2,"[""殺蟲劑3-OH Carbofuran 3-羥基加保扶0.13ppm、Carbofuran加保扶0."", ""殺蟲劑Etofenprox\t依芬寧0.""]",2026-05-03T02:57:09.821513+08:00
2026-05-03T02:57:09.821513+08:00,2024,小葉菜類,南港,不符合規定,臺北市萬華區萬大路533號第一果菜批發市場地號1314,臺北市萬華區萬大路533號第一果菜批發市場地號1314,"[""殺菌劑Iprobenfos\t丙基喜樂松0."", ""殺菌劑Tricyclazole\t三賽唑0.""]",2026-05-03T02:57:09.821513+08:00
2026-05-03T02:57:09.821513+08:00,2024,香辛植物及其他草木本植物,大安,不符合規定,双喜臨門水果行(双囍臨門水果行),双喜臨門水果行(双囍臨門水果行)/臺北市大安區和平東路3段228巷35號,"[""殺菌劑Dimethomorph\t達滅芬0."", ""殺菌劑Flutolanil\t福多寧0.""]",2026-05-03T02:57:09.821513+08:00
2026-05-03T02:57:09.821513+08:00,2024,香辛植物及其他草木本植物,中山,不符合規定,國賓大飯店股份有限公司遼寧營業所(國賓大飯店股份有限公司中餐廳),國賓大飯店股份有限公司遼寧營業所(國賓大飯店股份有限公司中餐廳)/臺北市中山區遼寧街177號,"[""殺菌劑Isoprothiolane\t亞賜圃0."", ""殺蟲劑Phenthoate\t賽達松0.""]",2026-05-03T02:57:09.821513+08:00
2026-05-03T02:57:09.821513+08:00,2024,蕈菜類,信義,不符合規定,信遠國際開發股份有限公司,信遠國際開發股份有限公司/臺北市信義區松仁路58號14樓,"[""殺蟲劑Chlorpyrifos陶斯松0.""]",2026-05-03T02:57:09.821513+08:00
2026-05-03T02:57:09.821513+08:00,2024,小葉菜類,大安,不符合規定,双喜臨門水果行(双囍臨門水果行),双喜臨門水果行(双囍臨門水果行)/臺北市大安區和平東路3段228巷35號,"[""殺菌劑Pydiflumetofen\t派滅芬0.""]",2026-05-03T02:57:09.821513+08:00
2026-05-03T02:57:09.821513+08:00,2024,豆菜類,士林,不符合規定,翡翠綠水果專賣店,翡翠綠水果專賣店/臺北市士林區美崙街14號1樓,"[""殺蟲劑Thiamethoxam\t賽速安0.""]",2026-05-03T02:57:09.821513+08:00
2026-05-03T02:57:09.821513+08:00,2024,核果類,松山,不符合規定,水果行,水果行/臺北市松山區南京東路5段291巷3之2號前,"[""殺菌劑Dimethomorph\t達滅芬0.""]",2026-05-03T02:57:09.821513+08:00
2026-05-03T02:57:09.821513+08:00,2024,核果類,內湖,不符合規定,幸福品味實業股份有限公司(美福食集),幸福品味實業股份有限公司(美福食集)/臺北市內湖區民善街128號,"[""殺蟲劑Phosmet\t益滅松0.""]",2026-05-03T02:57:09.821513+08:00
2026-05-03T02:57:09.821513+08:00,2024,大漿果類,士林,不符合規定,無市招水果攤,無市招水果攤/臺北市士林區社中街12號對面,"[""殺蟲劑Fenvalerate\t芬化利0.""]",2026-05-03T02:57:09.821513+08:00
2026-05-03T02:57:09.821513+08:00,2024,小葉菜類,大安,不符合規定,双喜臨門水果行(双囍臨門水果行),双喜臨門水果行(双囍臨門水果行)/臺北市大安區和平東路3段228巷35號,"[""殺菌劑Iprobenfos\t丙基喜樂松0.""]",2026-05-03T02:57:09.821513+08:00
2026-05-03T02:57:09.821513+08:00,2024,核果類,大安,不符合規定,太平洋崇光百貨股份有限公司(Fresh Mart忠孝店),太平洋崇光百貨股份有限公司(Fresh Mart忠孝店)/臺北市大安區忠孝東路4段45號B2,"[""殺菌劑Difenoconazole\t待克利1.""]",2026-05-03T02:57:09.821513+08:00
2026-05-03T02:57:09.821513+08:00,2024,包裝,信義,不符合規定,"pchome24h購物網
(https:","pchome24h購物網
(https://24h.pchome.com.tw/)","[""砷:0.35 mg/kg""]",2026-05-03T02:57:09.821513+08:00
2026-05-03T02:57:09.821513+08:00,2024,核果類,信義,不符合規定,"放心初蔬果網
(https:","放心初蔬果網
(https://funthingtrue.com.tw/)","[""百滅寧:0.""]",2026-05-03T02:57:09.821513+08:00
2026-05-03T02:57:09.821513+08:00,2024,大漿果類,信義,不符合規定,"放心初蔬果網
(https:","放心初蔬果網
(https://funthingtrue.com.tw/)","[""撲滅寧:0.""]",2026-05-03T02:57:09.821513+08:00
2026-05-03T02:57:09.821513+08:00,2024,根莖菜類,信義,不符合規定,"蝦皮購物-好食代 冷凍食品批發小舖
(https:","蝦皮購物-好食代 冷凍食品批發小舖
(https://shopee.tw/lin24190902)","[""鎘:0.24 mg/kg"", ""扶吉胺:0.""]",2026-05-03T02:57:09.821513+08:00
2026-05-03T02:57:09.821513+08:00,2024,根莖菜類,信義,不符合規定,"蝦皮購物-sutinglin
(https:","蝦皮購物-sutinglin
(https://shopee.tw/sutinglin)","[""鎘:0.17 mg/kg"", ""扶吉胺:0.""]",2026-05-03T02:57:09.821513+08:00
2026-05-03T02:57:09.821513+08:00,2024,根莖菜類,信義,不符合規定,"蝦皮購物-HomeBar泓吧嚴選新鮮蔬果
(https:","蝦皮購物-HomeBar泓吧嚴選新鮮蔬果
(https://shopee.tw/jacck2668)","[""鎘:0.53 mg/kg"", ""扶吉胺:1.""]",2026-05-03T02:57:09.821513+08:00
2026-05-03T02:57:09.821513+08:00,2024,奶蛋素,北投,不符合規定,阿玉素食(北投中繼市場133號攤),阿玉素食(北投中繼市場133號攤)/臺北市北投區磺港路33號,"[""1.動物性成分陽性、動物性成分陽性"", ""2.植物性成分陽性、五辛""]",2026-05-03T02:57:09.821513+08:00
2026-05-03T02:57:09.821513+08:00,2024,奶蛋素,松山,不符合規定,張阿姨蔬食,張阿姨蔬食/臺北市松山區八德路4段673巷6號,"[""1.動物性成分陽性、動物性成分陽性"", ""2.植物性成分陽性、五辛""]",2026-05-03T02:57:09.821513+08:00
2026-05-03T02:57:09.821513+08:00,2024,核果類,中山,不符合規定,果鮮一品商行(果鮮蔬果超市),果鮮一品商行(果鮮蔬果超市)/臺北市中山區吉林路176號,"[""殺蟲劑Deltamethrin 第滅寧1."", ""殺菌劑Difenoconazole 待克利3.""]",2026-05-03T02:57:09.821513+08:00
2026-05-03T02:57:09.821513+08:00,2024,核果類,中山,不符合規定,臺北市中山區民族東路410巷2弄18-20號前(五常市場),臺北市中山區民族東路410巷2弄18-20號前(五常市場),"[""殺蟲劑Deltamethrin 第滅寧1."", ""殺菌劑Pyraclostrobin 百克敏0.""]",2026-05-03T02:57:09.821513+08:00
2026-05-03T02:57:09.821513+08:00,2024,核果類,南港,不符合規定,我家蔬果園,我家蔬果園/臺北市萬華區中華路2段416巷56號,"[""殺菌劑Difenoconazole 待克利1."", ""殺蟎劑Spirodiclofen 賜派芬0.""]",2026-05-03T02:57:09.821513+08:00
2026-05-03T02:57:09.821513+08:00,2024,大漿果類,信義,不符合規定,辣十九國際開發股份有限公司(馬辣頂級鴛鴦鍋信義店),辣十九國際開發股份有限公司(馬辣頂級鴛鴦鍋信義店)/臺北市信義區松壽路22號3樓,"[""殺蟲劑Cyromazine 賽滅淨0.""]",2026-05-03T02:57:09.821513+08:00
2026-05-03T02:57:09.821513+08:00,2024,大漿果類,南港,不符合規定,上奕商行(INDEX),上奕商行(INDEX)/臺北市萬華區國興路32號,"[""生長調節劑Gibberellic acid 勃激素A3 0.""]",2026-05-03T02:57:09.821513+08:00
2026-05-03T02:57:09.821513+08:00,2024,小葉菜類,中山,不符合規定,粒粒鮮股份有限公司(粒粒鮮),粒粒鮮股份有限公司(粒粒鮮)/臺北市中山區吉林路146號146之1號,"[""殺草劑Ametryn 草殺淨0.""]",2026-05-03T02:57:09.821513+08:00
2026-05-03T02:57:09.821513+08:00,2024,小葉菜類,士林,不符合規定,豪光回田實業有限公司(回田蔬苑),豪光回田實業有限公司(回田蔬苑)/臺北市士林區中正路357號1樓,"[""殺蟲劑Spinetoram 賜諾特0.""]",2026-05-03T02:57:09.821513+08:00
2026-05-03T02:57:09.821513+08:00,2024,香辛植物及其他草木本植物,士林,不符合規定,璞園餐飲事業有限公司(台南海鮮會館),璞園餐飲事業有限公司(台南海鮮會館)/臺北市士林區基河路130號地下一層,"[""殺菌劑Pencycuron 賓克隆0.""]",2026-05-03T02:57:09.821513+08:00
2026-05-03T02:57:09.821513+08:00,2024,根莖菜類,南港,不符合規定,臺北市萬華區環河南路2段245號蔬菜攤0068號,臺北市萬華區環河南路2段245號蔬菜攤0068號,"[""殺蟲劑Clothianidin 可尼丁0.""]",2026-05-03T02:57:09.821513+08:00
2026-05-03T02:57:09.821513+08:00,2024,小葉菜類,中山,不符合規定,臺北市中山區民族東路410巷2弄20號前,臺北市中山區民族東路410巷2弄20號前,"[""殺草劑Oxadiazon 樂滅草0.""]",2026-05-03T02:57:09.821513+08:00
2026-05-03T02:57:09.821513+08:00,2024,核果類,松山,不符合規定,明欣鮮果專賣店,明欣鮮果專賣店/臺北市松山區南京東路5段123巷27號1樓,"[""殺蟲劑Cyhalothrin 賽洛寧1.""]",2026-05-03T02:57:09.821513+08:00
2026-05-03T02:57:09.821513+08:00,2024,小葉菜類,南港,不符合規定,臺北市萬華區環河南路2段245號蔬菜攤0032號,臺北市萬華區環河南路2段245號蔬菜攤0032號,"[""殺菌劑Dimethomorph 達滅芬4.""]",2026-05-03T02:57:09.821513+08:00
2026-05-03T02:57:09.821513+08:00,2024,飲料,松山,不符合規定,厚鋪牛排館(人从众厚切牛排),厚鋪牛排館(人从众厚切牛排)/臺北市松山區光復北路146號1樓,"[""腸桿菌科：5.4x10^3 CFU/mL""]",2026-05-03T02:57:09.821513+08:00
2026-05-03T02:57:09.821513+08:00,2024,冰品,中山,不符合規定,總柴日式氷菓專賣(CEO ICE CREAM),總柴日式氷菓專賣(CEO ICE CREAM)/臺北市中山區中山北路2段26巷18號,"[""腸桿菌科：40 CFU/g""]",2026-05-03T02:57:09.821513+08:00
2026-05-03T02:57:09.821513+08:00,2024,冰品,大同,不符合規定,冰讚飲食店,冰讚飲食店/臺北市大同區雙連街2號1樓,"[""腸桿菌科：2.0x10^3 CFU/g""]",2026-05-03T02:57:09.821513+08:00
2026-05-03T02:57:09.821513+08:00,2024,冰品,中正,不符合規定,金霖企業社(甘蔗媽媽),金霖企業社(甘蔗媽媽)/臺北市中正區信陽街5之1號,"[""腸桿菌科：2.1x10^3 CFU/mL""]",2026-05-03T02:57:09.821513+08:00
2026-05-03T02:57:09.821513+08:00,2024,冰品,南港,不符合規定,喜客冰品店(冰封仙果),喜客冰品店(冰封仙果)/臺北市萬華區中華路1段114巷18號1樓,"[""腸桿菌科：30 CFU/g""]",2026-05-03T02:57:09.821513+08:00
2026-05-03T02:57:09.821513+08:00,2024,冰品,大同,不符合規定,森昱食品有限公司(夏樹甜品),森昱食品有限公司(夏樹甜品)/臺北市大同區迪化街1段240號,"[""腸桿菌科：3.2x10^2 CFU/g""]",2026-05-03T02:57:09.821513+08:00
2026-05-03T02:57:09.821513+08:00,2024,冰品,士林,不符合規定,廣安階,廣安階/臺北市士林區中山北路6段77號8樓,"[""腸桿菌科：88 CFU/mL""]",2026-05-03T02:57:09.821513+08:00
2026-05-03T02:57:09.821513+08:00,2024,冰品,內湖,不符合規定,金探吉事業有限公司(荖子鍋),金探吉事業有限公司(荖子鍋)/臺北市內湖區民善街88號,"[""腸桿菌科：1.5x10^3 CFU/g""]",2026-05-03T02:57:09.821513+08:00
2026-05-03T02:57:09.821513+08:00,2024,飲料,中正,不符合規定,水龍堂(大苑子),水龍堂(大苑子)/臺北市中正區南昌路1段80號,"[""腸桿菌科：70 CFU/mL""]",2026-05-03T02:57:09.821513+08:00
2026-05-03T02:57:09.821513+08:00,2024,膠囊錠狀食品,信義,不符合規定,吳興春天藥局,吳興春天藥局/臺北市信義區吳興街137號1樓,"[""DINP:""]",2026-05-03T02:57:09.821513+08:00
2026-05-03T02:57:09.821513+08:00,2024,膠囊錠狀食品,松山,不符合規定,啄木鳥藥師藥局八德店,啄木鳥藥師藥局八德店/臺北市松山區八德路4段211號,"[""DBP:6.""]",2026-05-03T02:57:09.821513+08:00
2026-05-03T02:57:09.821513+08:00,2024,乾豆類,北投,不符合規定,鴻璂雜糧行,鴻璂雜糧行/臺北市北投區中央南路1段163號1樓,"[""賽速安"", ""磷化氫""]",2026-05-03T02:57:09.821513+08:00
2026-05-03T02:57:09.821513+08:00,2024,乾豆類,內湖,不符合規定,利民雜糧行,利民雜糧行/臺北市內湖區內湖路2段300號,"[""賽果培""]",2026-05-03T02:57:09.821513+08:00
2026-05-03T02:57:09.821513+08:00,2024,乾豆類,大同,不符合規定,永利食品有限公司,永利食品有限公司/臺北市大同區迪化街1段143號,"[""芬普尼"", ""賽速安""]",2026-05-03T02:57:09.821513+08:00
2026-05-03T02:57:09.821513+08:00,2024,烤肉用蔬菜,中山,不符合規定,雙連市場來于蔬菜35號攤,雙連市場來于蔬菜35號攤/臺北市中山區民生西路45巷,"[""Indoxacarb因得克 0.""]",2026-05-03T02:57:09.821513+08:00
2026-05-03T02:57:09.821513+08:00,2024,中秋月餅,北投,不符合規定,米泉食品行(米哥烘焙坊),米泉食品行(米哥烘焙坊)/臺北市北投區光明路158號1樓,"[""己二烯酸 1.0g/kg""]",2026-05-03T02:57:09.821513+08:00
2026-05-03T02:57:09.821513+08:00,2024,中秋月餅,中山,不符合規定,金橞食品股份有限公司,金橞食品股份有限公司/臺北市中山區松江路297巷5號1樓,[],2026-05-03T02:57:09.821513+08:00
2026-05-03T02:57:09.821513+08:00,2024,中秋月餅,中山,不符合規定,金橞食品股份有限公司,金橞食品股份有限公司/臺北市中山區松江路297巷5號1樓,[],2026-05-03T02:57:09.821513+08:00
2026-05-03T02:57:09.821513+08:00,2024,中秋月餅,中山,不符合規定,金橞食品股份有限公司,金橞食品股份有限公司/臺北市中山區松江路297巷5號1樓,[],2026-05-03T02:57:09.821513+08:00
2026-05-03T02:57:09.821513+08:00,2024,中秋月餅,中山,不符合規定,慧上癮,慧上癮/臺北市中山區建國北路2段226巷42號,"[""未標示原產地（國）、有效日期標示單獨黏貼未依規定印刷於外包裝上。""]",2026-05-03T02:57:09.821513+08:00
2026-05-03T02:57:09.821513+08:00,2024,中秋月餅,中山,不符合規定,慧上癮,慧上癮/臺北市中山區建國北路2段226巷42號,"[""未標示有效日期。""]",2026-05-03T02:57:09.821513+08:00
2026-05-03T02:57:09.821513+08:00,2024,小葉菜類,南港,不符合規定,宜新蔬果行,宜新蔬果行/臺北市萬華區富民路155巷49之3號1樓,"[""殺蟲劑Abamectin 阿巴汀0."", ""殺蟲劑Chlorfenapyr 克凡派1."", ""殺蟲劑Cyantraniliprole 賽安勃0."", ""殺蟲劑Fipronil 芬普尼0.210ppm、Fipronil-sulfone芬普尼代謝物0."", ""殺蟲劑Pyriproxyfen 百利普芬1."", ""殺蟲劑Tolfenpyrad 脫芬瑞0.""]",2026-05-03T02:57:09.821513+08:00
2026-05-03T02:57:09.821513+08:00,2024,根莖菜類,大同,不符合規定,霸王川菜餐廳股份有限公司,霸王川菜餐廳股份有限公司/臺北市大同區長安西路287號1-2樓,"[""殺蟲劑Clothianidin 可尼丁0."", ""殺蟲劑Dichlorvos二氯松0."", ""殺蟲劑Trichlorfon 三氯松0.""]",2026-05-03T02:57:09.821513+08:00
2026-05-03T02:57:09.821513+08:00,2024,小葉菜類,南山,不符合規定,為福樓餐廳有限公司,為福樓餐廳有限公司/臺北市南港區忠孝東路5段996號1樓,"[""殺蟲劑Chlorfenapyr 克凡派2."", ""殺蟲劑Indoxacarb 因得克2."", ""殺菌劑Pyraclostrobin 百克敏2.""]",2026-05-03T02:57:09.821513+08:00
2026-05-03T02:57:09.821513+08:00,2024,果菜類,大安,不符合規定,復興小吃店(全國食養創作全自助餐復興店),復興小吃店(全國食養創作全自助餐復興店)/臺北市大安區復興南路2段314號,"[""殺菌劑Difenoconazole 待克利1."", ""殺菌劑Zoxamide 座賽胺0.""]",2026-05-03T02:57:09.821513+08:00
2026-05-03T02:57:09.821513+08:00,2024,小葉菜類,大安,不符合規定,優市大安店, 優市大安店/臺北市大安區敦化南路2段11巷38弄15號,"[""殺菌劑Dimethomorph 達滅芬2."", ""殺蟲劑Indoxacarb 因得克0.""]",2026-05-03T02:57:09.821513+08:00
2026-05-03T02:57:09.821513+08:00,2024,大漿果類,大同,不符合規定,無名水果攤,無名水果攤/臺北市大同區長安西路218之1號旁,"[""殺蟲劑Cyromazine 賽滅淨0.""]",2026-05-03T02:57:09.821513+08:00
2026-05-03T02:57:09.821513+08:00,2024,根莖菜類,中山,不符合規定,統康生活事業股份有限公司美麗華分公司(Mia C'bon MARKET),統康生活事業股份有限公司美麗華分公司(Mia C'bon MARKET)/臺北市中山區敬業三路20號地下1樓之1,"[""殺線蟲劑Fosthiazate 福賽絕0.""]",2026-05-03T02:57:09.821513+08:00
2026-05-03T02:57:09.821513+08:00,2024,豆菜類,大安,不符合規定,秋香蔬菜商行,秋香蔬菜商行/臺北市大安區臨江街29-1號,"[""殺草劑Ametryn 草殺淨0.""]",2026-05-03T02:57:09.821513+08:00
2026-05-03T02:57:09.821513+08:00,2024,大漿果類,南港,不符合規定,日鮮蔬果專賣店,日鮮蔬果專賣店/臺北市萬華區貴陽街2段137號,"[""殺蟎劑Fenbutatin-oxide 芬佈賜0.""]",2026-05-03T02:57:09.821513+08:00
2026-05-03T02:57:09.821513+08:00,2024,小葉菜類,中山,不符合規定,臺北市第二果菜批發市場蔬菜零批場21-08號攤,臺北市第二果菜批發市場蔬菜零批場21-08號攤/臺北市中山區民族東路336號,"[""殺草劑Thiobencarb 殺丹0.""]",2026-05-03T02:57:09.821513+08:00
2026-05-03T02:57:09.821513+08:00,2024,果菜類,南山,不符合規定,為福樓餐廳有限公司,為福樓餐廳有限公司/臺北市南港區忠孝東路5段996號1樓,"[""殺蟲劑Flonicamid 氟尼胺0.""]",2026-05-03T02:57:09.821513+08:00
2026-05-03T02:57:09.821513+08:00,2024,根莖菜類,大安,不符合規定,優市大安店, 優市大安店/臺北市大安區敦化南路2段11巷38弄15號,"[""殺蟲劑Thiamethoxam 賽速安0.""]",2026-05-03T02:57:09.821513+08:00
2026-05-03T02:57:09.821513+08:00,2024,根莖菜類,北投,不符合規定,順豐蔬果行,順豐蔬果行/臺北市北投區清江路22號,"[""殺蟲劑Thiamethoxam 賽速安0.""]",2026-05-03T02:57:09.821513+08:00
2026-05-03T02:57:09.821513+08:00,2024,菊花,松山,不符合規定,心元蔘藥行,心元蔘藥行/臺北市松山區南京東路5段291巷20弄6號,"[""1.殺蟲劑Cypermethrin賽滅寧0.14ppm（標準：0.03ppm以下）、殺草劑Pendimethalin施得圃0.07ppm（ 標準： 0.05ppm 以下）、殺菌劑Pydiflumetofen派滅芬0.10ppm（標準：不得檢出）"", ""2.產品外包裝標示「檢驗合格」字樣及附有農藥殘留檢驗合格之檢驗報告，標示不實且易生誤解""]",2026-05-03T02:57:09.821513+08:00
2026-05-03T02:57:09.821513+08:00,2024,菊花,大同,不符合規定,利隆貿易有限公司(利隆行),利隆貿易有限公司(利隆行)/臺北市大同區迪化街1段46巷18弄6號,"[""1.殺蟲劑Chlorfenapyr\t克凡派11."", ""2.產品內附有未檢出農藥殘留之檢驗報告與外包裝標示「安心使用」字樣，標示不實且易生誤解""]",2026-05-03T02:57:09.821513+08:00
2026-05-03T02:57:09.821513+08:00,2024,白木耳,大同,不符合規定,迪隆蔘藥行,迪隆蔘藥行/臺北市大同區歸綏街220號1樓,"[""生長調節劑Chlormequat\t克美素0.""]",2026-05-03T02:57:09.821513+08:00
2026-05-03T02:57:09.821513+08:00,2024,菊花,北投,不符合規定,慶峰參藥行,慶峰參藥行/臺北市北投區懷德街6-6號,"[""1.殺蟲劑Acetamiprid亞滅培3.9ppm（標準：2.0ppm以下）"", ""2.產品外包裝標示「天然生機」字樣及產品內附有未檢出農藥殘留之檢驗報告，標示不實且易生誤解""]",2026-05-03T02:57:09.821513+08:00
2026-05-03T02:57:09.821513+08:00,2024,香辛植物及其他草木本植物,南港,不符合規定,全興蔬菜行,全興蔬菜行/臺北市萬華區環河南路2段245號環南市場33號攤,"[""殺菌劑Dimethomorph 達滅芬0."", ""殺菌劑Diniconazole 達克利0."", ""殺菌劑Fluopicolide 氟比來0."", ""殺菌劑Flusilazole 護矽得0."", ""殺菌劑Prochloraz 撲克拉0."", ""殺草劑Prometryn 佈滅淨0."", ""殺菌劑Propiconazole 普克利4."", ""殺菌劑Pydiflumetofen 派滅芬0."", ""殺蟲劑Thiamethoxam 賽速安0.""]",2026-05-03T02:57:09.821513+08:00
2026-05-03T02:57:09.821513+08:00,2024,香辛植物及其他草木本植物,大安,不符合規定,遠東都會股份有限公司復興店（city super復興店）,遠東都會股份有限公司復興店（city super復興店）/臺北市大安區忠孝東路3段300號B3樓,"[""殺菌劑Dimethomorph 達滅芬0."", ""殺菌劑Diniconazole 達克利0."", ""殺菌劑Fluopicolide 氟比來0."", ""殺菌劑Flusilazole 護矽得0."", ""殺菌劑Prochloraz 撲克拉0."", ""殺菌劑Procymidone 撲滅寧0."", ""殺菌劑Propiconazole 普克利1."", ""殺菌劑Pydiflumetofen 派滅芬0."", ""殺蟲劑Thiamethoxam 賽速安0.""]",2026-05-03T02:57:09.821513+08:00
2026-05-03T02:57:09.821513+08:00,2024,小葉菜類,士林,不符合規定,無市招菜攤(李O立),無市招菜攤(李O立)/臺北市士林區文林路101巷26號前攤販,"[""殺蟲劑Chlorfenapyr 克凡派1."", ""殺蟲劑Cyantraniliprole 賽安勃0."", ""殺蟲劑Fipronil 芬普尼0.237ppm、Fipronil-sulfone芬普尼代謝物0."", ""殺蟲劑Pyriproxyfen 百利普芬0.""]",2026-05-03T02:57:09.821513+08:00
2026-05-03T02:57:09.821513+08:00,2024,小葉菜類,中山,不符合規定,第二果菜批發市場第23-13號攤(張O淳),第二果菜批發市場第23-13號攤(張O淳)/臺北市中山區民族東路336號,"[""除草劑Metolachlor 莫多草0."", ""殺草劑Pendimethalin 施得圃0."", ""殺菌劑Pyraclostrobin 百克敏2."", ""殺蟲劑Terbufos 托福松0.""]",2026-05-03T02:57:09.821513+08:00
2026-05-03T02:57:09.821513+08:00,2024,香辛植物及其他草木本植物,北投,不符合規定,易長泓有限公司石牌營業所（旺佳佳越法新麵包石牌店）,易長泓有限公司石牌營業所（旺佳佳越法新麵包石牌店）/臺北市北投區石牌路2段72號,"[""殺蟲劑3-OH Carbofuran3羥基加保扶0.01ppm、Carbofuran 加保扶0."", ""殺蟲劑Chlorpyrifos 陶斯松0."", ""殺菌劑Pencycuron 賓克隆0.""]",2026-05-03T02:57:09.821513+08:00
2026-05-03T02:57:09.821513+08:00,2024,香辛植物及其他草木本植物,中山,不符合規定,第二果菜批發市場第17-11號攤(莊O逸),第二果菜批發市場第17-11號攤(莊O逸)/臺北市中山區民族東路336號,"[""殺草劑Ametryn 草殺淨0."", ""殺菌劑Hexaconazole 菲克利0.""]",2026-05-03T02:57:09.821513+08:00
2026-05-03T02:57:09.821513+08:00,2024,小葉菜類,南港,不符合規定,22號蔬果園,22號蔬果園/臺北市萬華區西藏路125巷22號1樓,"[""殺蟲劑Fipronil-sulfone芬普尼代謝物0."", ""殺菌劑Fluxapyroxad 氟克殺0.""]",2026-05-03T02:57:09.821513+08:00
2026-05-03T02:57:09.821513+08:00,2024,小葉菜類,松山,不符合規定,兄弟大飯店股份有限公司(兄弟大飯店),兄弟大飯店股份有限公司(兄弟大飯店)/臺北市松山區南京東路3段255號,"[""殺蟲劑Cyantraniliprole 賽安勃0.""]",2026-05-03T02:57:09.821513+08:00
2026-05-03T02:57:09.821513+08:00,2024,小葉菜類,北投,不符合規定,蘇杭企業股份有限公司天母分公司(蘇杭365),蘇杭企業股份有限公司天母分公司(蘇杭365)/臺北市北投區明德路365號,"[""殺菌劑Thifluzamide 賽氟滅0.""]",2026-05-03T02:57:09.821513+08:00
2026-05-03T02:57:09.821513+08:00,2024,小葉菜類,中山,不符合規定,第二果菜批發市場第19-13號攤(胡O傑),第二果菜批發市場第19-13號攤(胡O傑)/臺北市中山區民族東路336號,"[""殺蟎劑Ethion 愛殺松0.""]",2026-05-03T02:57:09.821513+08:00
2026-05-03T02:57:09.821513+08:00,2024,小葉菜類,信義,不符合規定,遠百企業股份有限公司忠孝分公司(愛買忠孝店),遠百企業股份有限公司忠孝分公司(愛買忠孝店)/臺北市信義區忠孝東路5段297號地下3樓,"[""殺蟲劑Cyantraniliprole 賽安勃0.""]",2026-05-03T02:57:09.821513+08:00
2026-05-03T02:57:09.821513+08:00,2024,小葉菜類,士林,不符合規定,士林素食館(士林健康素食),士林素食館(士林健康素食)/臺北市士林區中正路281號,"[""殺菌劑Pyraclostrobin 百克敏0.""]",2026-05-03T02:57:09.821513+08:00
2026-05-03T02:57:09.821513+08:00,2024,小葉菜類,南山,不符合規定,阿一蔬果有限公司(阿一蔬果),阿一蔬果有限公司(阿一蔬果)/臺北市南港區忠孝東路6段85號1樓,"[""殺草劑Oxadiazon 樂滅草0.""]",2026-05-03T02:57:09.821513+08:00
2026-05-03T02:57:09.821513+08:00,2024,根莖菜類,北投,不符合規定,全聯實業股份有限公司北投吉利分公司,全聯實業股份有限公司北投吉利分公司/臺北市北投區吉利街125號1樓,"[""殺蟲劑Lufenuron 祿芬隆0.""]",2026-05-03T02:57:09.821513+08:00
2026-05-03T02:57:09.821513+08:00,2024,果菜類,南港,不符合規定,第一果菜批發市場,第一果菜批發市場/臺北市萬華區萬大路533號地號919,"[""殺蟲劑Flonicamid 氟尼胺0.""]",2026-05-03T02:57:09.821513+08:00
2026-05-03T02:57:09.821513+08:00,2024,瓜菜類,大安,不符合規定,遠東都會股份有限公司復興店（city super復興店）,遠東都會股份有限公司復興店（city super復興店）/臺北市大安區忠孝東路3段300號B3樓,"[""殺蟲劑Trichlorfon 三氯松0.""]",2026-05-03T02:57:09.821513+08:00
2026-05-03T02:57:09.821513+08:00,2024,豆菜類,內湖,不符合規定,大潤發流通事業股份有限公司南湖分公司(大潤發),大潤發流通事業股份有限公司南湖分公司(大潤發)/臺北市內湖區舊宗路1段188號,"[""殺菌劑Pyraclostrobin百克敏0.""]",2026-05-03T02:57:09.821513+08:00
2026-05-03T02:57:09.821513+08:00,2024,根莖菜類,松山,不符合規定,惠康百貨股份有限公司松山光復公司(家樂福超市),惠康百貨股份有限公司松山光復公司(家樂福超市)/臺北市松山區光復北路198號,"[""殺蟲劑Thiamethoxam賽速安0.""]",2026-05-03T02:57:09.821513+08:00
2026-05-03T02:57:09.821513+08:00,2024,八仙果,信義,不符合規定,惠香食品有限公司,惠香食品有限公司/新北市板橋區民有街5號,"[""檢出甜味劑「甜菊糖」及「蔗糖素」，惟未於成分內容物標示。""]",2026-05-03T02:57:09.821513+08:00
2026-05-03T02:57:09.821513+08:00,2024,八仙果,信義,不符合規定,金德恩國際貿易有限公司,金德恩國際貿易有限公司/新北市蘆洲區中山一路282號2樓,"[""檢出著色劑「食用色素紅色六號」、「食用色素黃色五號」及「食用色素藍色一號」及甜味劑「甘草素」，惟未於成分內容物標示。""]",2026-05-03T02:57:09.821513+08:00
2026-05-03T02:57:09.821513+08:00,2024,八仙果,信義,不符合規定,宏宇農產生技企業有限公司,宏宇農產生技企業有限公司/臺南市官田區建業路3號,"[""檢出甜味劑「甘草素」惟未於成分內容物標示。""]",2026-05-03T02:57:09.821513+08:00
2026-05-03T02:57:09.821513+08:00,2024,蜜餞食品,信義,不符合規定,維元食品有限公司,維元食品有限公司/新北市板橋區和平路10之1號3樓,"[""檢出甜味劑「蔗糖素」惟未於成分內容物標示。""]",2026-05-03T02:57:09.821513+08:00
2026-05-03T02:57:09.821513+08:00,2024,蜜餞食品,信義,不符合規定,陳Ο君,陳Ο君/桃園市中壢區青峰路2段,"[""1.檢驗結果檢出防腐劑「己二烯酸」、著色劑「食用色素紅色六號」、甜味劑「紐甜」及「甜菊糖」，惟未於成分內容物標示。"", ""2.產品外包裝未標示「製造廠商或國內負責廠商名稱、電話號碼及地址」及「淨重、容量或數量」，且營養標示未標示「每一份量（或每一份、每份）」。""]",2026-05-03T02:57:09.821513+08:00
2026-05-03T02:57:09.821513+08:00,2024,蜜餞食品,信義,不符合規定,陳Ο君,陳Ο君/桃園市中壢區青峰路2段,"[""產品外包裝未標示「製造廠商或國內負責廠商名稱、電話號碼及地址」及「淨重、容量或數量」，且營養標示未標示「每一份量（或每一份、每份）」。""]",2026-05-03T02:57:09.821513+08:00
2026-05-03T02:57:09.821513+08:00,2024,蜜餞食品,信義,不符合規定,陳Ο君,陳Ο君/桃園市中壢區青峰路2段,"[""產品外包裝未標示「製造廠商或國內負責廠商名稱、電話號碼及地址」及「淨重、容量或數量」，且營養標示未標示「每一份量（或每一份、每份）」。""]",2026-05-03T02:57:09.821513+08:00
2026-05-03T02:57:09.821513+08:00,2024,醃漬蔬菜,信義,不符合規定,澤鋐實業有限公司,澤鋐實業有限公司/嘉義縣梅山鄉梅北村三美庄17號附6,"[""檢出防腐劑「苯甲酸」惟未於成分內容物標示。""]",2026-05-03T02:57:09.821513+08:00
2026-05-03T02:57:09.821513+08:00,2024,蜜餞食品,信義,不符合規定,新百果山蜜餞專賣店,新百果山蜜餞專賣店/彰化縣員林市出水巷15-30號,"[""檢出甜味劑「醋磺內酯鉀」及「蔗糖素」，惟未於成分內容物標示。""]",2026-05-03T02:57:09.821513+08:00
2026-05-03T02:57:09.821513+08:00,2024,蜜餞食品,信義,不符合規定,新百果山蜜餞專賣店,新百果山蜜餞專賣店/彰化縣員林市出水巷15-30號,"[""檢出甜味劑「紐甜」及「蔗糖素」，惟未於成分內容物標示。""]",2026-05-03T02:57:09.821513+08:00
2026-05-03T02:57:09.821513+08:00,2024,蜜餞食品,信義,不符合規定,甜園小舖,甜園小舖/臺中市南屯區文昌街222號,"[""檢出甜味劑「醋磺內酯鉀」及「蔗糖素」，惟未於成分內容物標示。""]",2026-05-03T02:57:09.821513+08:00
2026-05-03T02:57:09.821513+08:00,2024,八仙果,信義,不符合規定,甜園小舖,甜園小舖/臺中市南屯區文昌街222號,"[""檢出甜味劑「醋磺內酯鉀」惟未於成分內容物標示。""]",2026-05-03T02:57:09.821513+08:00
2026-05-03T02:57:09.821513+08:00,2024,其他糖漬鹽漬果類,信義,不符合規定,甜園小舖,甜園小舖/臺中市南屯區文昌街222號,"[""檢出甜味劑「蔗糖素」惟未於成分內容物標示。""]",2026-05-03T02:57:09.821513+08:00
2026-05-03T02:57:09.821513+08:00,2024,鮮奶油,大同,不符合規定,燈燦食品有限公司,燈燦食品有限公司/臺北市大同區民樂街125號1樓,"[""營養標示反式脂肪含量為「每份：0公克/每100公克：0公克」，惟檢出每100公克反式脂肪酸含量0.41公克，依據「包裝食品營養標示應遵行事項」，每100公克固體（半固體）反式脂肪酸含量不超過0.3公克得標示為0，案內產品應依實際數值標示。""]",2026-05-03T02:57:09.821513+08:00
2026-05-03T02:57:09.821513+08:00,2024,沙拉醬,大安,不符合規定,喜之坊食品有限公司(光復店),喜之坊食品有限公司(光復店)/臺北市大安區光復南路422號,"[""營養標示反式脂肪含量為「每份：0公克/每100公克：0公克」，惟檢出每100公克反式脂肪酸含量0.40公克，依據「包裝食品營養標示應遵行事項」，每100公克固體（半固體）反式脂肪酸含量不超過0.3公克得標示為0，案內產品應依實際數值標示。""]",2026-05-03T02:57:09.821513+08:00
2026-05-03T02:57:09.821513+08:00,2024,香辛植物及其他草木本植物,內湖,不符合規定,萬日蔬果行,萬日蔬果行/臺北市內湖區五分街臨16之10號,"[""殺草劑Ametryn 草殺淨0."", ""殺蟲劑 Chlorpyrifos 陶斯松0."", ""殺蟲劑Fenitrothion 撲滅松0."", ""殺草劑Pendimethalin 施得圃0.""]",2026-05-03T02:57:09.821513+08:00
2026-05-03T02:57:09.821513+08:00,2024,香辛植物及其他草木本植物,南港,不符合規定,黃O玉,黃O玉/臺北市萬華區萬大路533號地號928,"[""殺蟲劑Chlorpyrifos 陶斯松0."", ""殺蟲劑Fenitrothion 撲滅松0."", ""殺草劑Oxadiazon 樂滅草0."", ""殺草劑Pendimethalin 施得圃0.""]",2026-05-03T02:57:09.821513+08:00
2026-05-03T02:57:09.821513+08:00,2024,小葉菜類,士林,不符合規定,御鼎屋食品股份有限公司,御鼎屋食品股份有限公司/臺北市士林區中山北路6段711號,"[""殺蟲劑Chlorfenapyr 克凡派4."", ""生長調節劑Paclobutrazol 巴克素0."", ""殺蟲劑Pyriproxyfen 百利普芬0.""]",2026-05-03T02:57:09.821513+08:00
2026-05-03T02:57:09.821513+08:00,2024,大漿果類,南山,不符合規定,菓之鄉水果專賣店,菓之鄉水果專賣店/臺北市南港區同德路60號,"[""殺蟲劑Cyromazine 賽滅淨0."", ""殺蟎劑Pyridaben 畢達本0.""]",2026-05-03T02:57:09.821513+08:00
2026-05-03T02:57:09.821513+08:00,2024,香辛植物及其他草木本植物,大安,不符合規定,王O鴻,王O鴻/臺北市大安區臨江街70號前,"[""殺草劑Linuron 理有龍0."", ""殺菌劑Thifluzamide 賽氟滅0.""]",2026-05-03T02:57:09.821513+08:00
2026-05-03T02:57:09.821513+08:00,2024,小葉菜類,南港,不符合規定,輝哥蔬菜批發行,輝哥蔬菜批發行/臺北市萬華區環河南路2段245號環南市場蔬菜區第184號,"[""殺草劑Ametryn 草殺淨0."", ""殺蟲劑Indoxacarb 因得克0.""]",2026-05-03T02:57:09.821513+08:00
2026-05-03T02:57:09.821513+08:00,2024,小葉菜類,南港,不符合規定,茂盛蔬菜商行,茂盛蔬菜商行/臺北市萬華區環河南路2段245號環南市場第198號攤,"[""殺草劑Ametryn 草殺淨0."", ""殺蟲劑Indoxacarb 因得克0.""]",2026-05-03T02:57:09.821513+08:00
2026-05-03T02:57:09.821513+08:00,2024,果菜類,大安,不符合規定,台灣產健股份有限公司台北2店(良食生活),台灣產健股份有限公司台北2店(良食生活)/臺北市大安區敦化南路1段233巷68號,"[""殺蟲劑Imidacloprid 益達胺0."", ""殺菌劑Thifluzamide 賽氟滅0.""]",2026-05-03T02:57:09.821513+08:00
2026-05-03T02:57:09.821513+08:00,2024,根莖菜類,士林,不符合規定,御鼎屋食品股份有限公司,御鼎屋食品股份有限公司/臺北市士林區中山北路6段711號,"[""殺蟲劑Clothianidin 可尼丁0."", ""殺蟲劑Lufenuron 祿芬隆0.""]",2026-05-03T02:57:09.821513+08:00
2026-05-03T02:57:09.821513+08:00,2024,香辛植物及其他草木本植物,北投,不符合規定,果菜俗賣,果菜俗賣/臺北市北投區自強街119號,"[""殺菌劑Dimethomorph 達滅芬0."", ""殺菌劑Procymidone 撲滅寧0.""]",2026-05-03T02:57:09.821513+08:00
2026-05-03T02:57:09.821513+08:00,2024,果菜類,中山,不符合規定,唐龍國際餐飲股份有限公司(龍軒傳承),唐龍國際餐飲股份有限公司(龍軒傳承)/臺北市中山區長春路90號2樓,"[""殺菌劑Difenoconazole 待克利2."", ""殺蟎劑Pyridaben 畢達本0.""]",2026-05-03T02:57:09.821513+08:00
2026-05-03T02:57:09.821513+08:00,2024,香辛植物及其他草木本植物,中山,不符合規定,吉晟蔬果行,吉晟蔬果行/臺北市中山區錦州街222號松江市場69,"[""殺蟲劑Fenitrothion 撲滅松0."", ""殺菌劑Procymidone 撲滅寧0.""]",2026-05-03T02:57:09.821513+08:00
2026-05-03T02:57:09.821513+08:00,2024,大漿果類,南山,不符合規定,菓之鄉水果專賣店,菓之鄉水果專賣店/臺北市南港區同德路60號,"[""殺蟲劑Pyriproxyfen 百利普芬0.""]",2026-05-03T02:57:09.821513+08:00
2026-05-03T02:57:09.821513+08:00,2024,小葉菜類,中山,不符合規定,全聯實業股份有限公司中山吉林分公司,全聯實業股份有限公司中山吉林分公司/臺北市中山區吉林路213、215、217、219號1樓,"[""殺蟲劑Fipronil-sulfone芬普尼代謝物0.""]",2026-05-03T02:57:09.821513+08:00
2026-05-03T02:57:09.821513+08:00,2024,小葉菜類,士林,不符合規定,御鼎屋食品股份有限公司,御鼎屋食品股份有限公司/臺北市士林區中山北路6段711號,"[""殺蟲劑Tolfenpyrad 脫芬瑞1.""]",2026-05-03T02:57:09.821513+08:00
2026-05-03T02:57:09.821513+08:00,2024,大漿果類,內湖,不符合規定,東和蔬果行,東和蔬果行/臺北市內湖區五分街16號1樓,"[""殺菌劑Famoxadone 凡殺同0.""]",2026-05-03T02:57:09.821513+08:00
2026-05-03T02:57:09.821513+08:00,2024,小葉菜類,中山,不符合規定,統康生活事業股份有限公司台北農安二店分公司（家樂福超市）,統康生活事業股份有限公司台北農安二店分公司（家樂福超市）/臺北市中山區農安街26號、26-1號,"[""殺草劑Oxadiazon 樂滅草0.""]",2026-05-03T02:57:09.821513+08:00
2026-05-03T02:57:09.821513+08:00,2024,香辛植物及其他草木本植物,中山,不符合規定,臺北市第二果菜批發市場20-14攤,臺北市第二果菜批發市場20-14攤/臺北市中山區民族東路336號1樓,"[""殺蟲劑Fenitrothion 撲滅松0.""]",2026-05-03T02:57:09.821513+08:00
2026-05-03T02:57:09.821513+08:00,2024,根莖菜類,南港,不符合規定,茂盛蔬菜商行,茂盛蔬菜商行/臺北市萬華區環河南路2段245號環南市場第198號攤,"[""殺蟲劑Fipronil-sulfone芬普尼代謝物0.""]",2026-05-03T02:57:09.821513+08:00
2026-05-03T02:57:09.821513+08:00,2024,鮮果蔬菜類及其加工品,信義,不符合規定,昕殿有限公司（辛殿麻辣鍋信義店）,昕殿有限公司（辛殿麻辣鍋信義店）/臺北市信義區松壽路28號1樓,"[""1.殺蟲劑滅芬諾""]",2026-05-03T02:57:09.821513+08:00
2026-05-03T02:57:09.821513+08:00,2024,鮮果蔬菜類及其加工品,信義,不符合規定,旨王開發有限公司（王鍋屋新京都風味鍋物）,旨王開發有限公司（王鍋屋新京都風味鍋物）/臺北市信義區松壽路12號5樓,"[""1.殺蟲劑克凡派"", ""2.殺蟲劑賽安勃""]",2026-05-03T02:57:09.821513+08:00
2026-05-03T02:57:09.821513+08:00,2024,鮮果蔬菜類及其加工品,南山,不符合規定,三澧企業股份有限公司（Mo- Mo-Paradise南港潤泰牧場）,三澧企業股份有限公司（Mo- Mo-Paradise南港潤泰牧場）/臺北市南港區忠孝東路7段369號C棟10樓,"[""1.殺蟲劑克凡派"", ""2.殺蟲劑賽安勃""]",2026-05-03T02:57:09.821513+08:00
2026-05-03T02:57:09.821513+08:00,2024,鮮果蔬菜類及其加工品,南港,不符合規定,格萊思美國際餐飲股份有限公司(心心麻辣鍋),格萊思美國際餐飲股份有限公司(心心麻辣鍋)/臺北市萬華區成都路141號,"[""1.殺蟲劑芬普尼"", ""2.殺蟲劑托福松""]",2026-05-03T02:57:09.821513+08:00
2026-05-03T02:57:09.821513+08:00,2024,鮮果蔬菜類及其加工品,南港,不符合規定,辣之王麻辣火鍋店(夯麻辣火鍋燒肉),辣之王麻辣火鍋店(夯麻辣火鍋燒肉)/臺北市萬華區昆明街76號2樓,"[""1.殺蟲劑賽洛寧""]",2026-05-03T02:57:09.821513+08:00
2026-05-03T02:57:09.821513+08:00,2024,鮮果蔬菜類及其加工品,北投,不符合規定,明煬四方有限公司（丰明殿）,明煬四方有限公司（丰明殿）/臺北市北投區東華街1段362號1樓,"[""1.殺菌劑賽氟滅""]",2026-05-03T02:57:09.821513+08:00
2026-05-03T02:57:09.821513+08:00,2024,花生粉,北投,不符合規定,寒順企業社（寒聚精緻鍋物）,寒順企業社（寒聚精緻鍋物）/臺北市北投區石牌路2段97巷8號1樓,"[""1.黃麴毒素B1：19.0 μg/kg（標準：2 μg/kg以下）"", ""2.總黃麴毒素B1+B2+G1+G2：21.7μg/kg（標準：4 μg/kg以下）""]",2026-05-03T02:57:09.821513+08:00
2026-05-03T02:57:09.821513+08:00,2024,鮮果蔬菜類及其加工品,北投,不符合規定,百世佳興業有限公司石牌分公司（火鍋世家）,百世佳興業有限公司石牌分公司（火鍋世家）/臺北市北投區石牌路2段335號,"[""1.殺菌劑四克利""]",2026-05-03T02:57:09.821513+08:00
2026-05-03T02:57:09.821513+08:00,2024,鮮果蔬菜類及其加工品,士林,不符合規定,富樂台式有限公司(富樂台式涮涮鍋),富樂台式有限公司(富樂台式涮涮鍋)/臺北市士林區承德路4段 75-1號,"[""1.殺蟲劑克凡派""]",2026-05-03T02:57:09.821513+08:00
2026-05-03T02:57:09.821513+08:00,2024,豆腐,士林,不符合規定,富樂台式有限公司(富樂台式涮涮鍋),富樂台式有限公司(富樂台式涮涮鍋)/臺北市士林區承德路4段 75-1號,"[""1.苯甲酸：0.5 g/kg""]",2026-05-03T02:57:09.821513+08:00
2026-05-03T02:57:09.821513+08:00,2024,小葉菜類,信義,不符合規定,同學の店,同學の店/臺北市信義區仁愛路4段496巷19號,"[""殺蟲劑Emamectin benzoate 因滅汀總量0."", ""殺蟲劑Fenvalerate 芬化利5."", ""殺蟲劑Methomyl 納乃得5."", ""殺蟲劑Profenophos 佈飛松1."", ""殺菌劑Pyraclostrobin 百克敏3."", ""殺蟲劑Pyriproxyfen 百利普芬0."", ""殺蟲劑Thiodicarb 硫敵克4.""]",2026-05-03T02:57:09.821513+08:00
2026-05-03T02:57:09.821513+08:00,2024,小葉菜類,信義,不符合規定,丰明殿涮涮鍋殿堂信義店(丰明殿),丰明殿涮涮鍋殿堂信義店(丰明殿)/臺北市信義區信義路4段393號,"[""殺蟲劑Acetamiprid 亞滅培9."", ""殺菌劑Carbendazim 貝芬替1."", ""殺蟲劑Chlorfenapyr 克凡派3."", ""殺蟲劑Cyantraniliprole 賽安勃0."", ""殺蟲劑Fipronil 芬普尼0.002ppm及芬普尼代謝物Fipronil-sulfone0.002ppm，合計共0."", ""殺菌劑Propamocarb hydrochloride 普拔克10.""]",2026-05-03T02:57:09.821513+08:00
2026-05-03T02:57:09.821513+08:00,2024,香辛植物及其他草木本植物,中正,不符合規定,阿萬青菜號,阿萬青菜號/臺北市中正區羅斯福路1段8號南門市場B1-17、63、64號攤,"[""殺蟲劑Fenitrothion 撲滅松0."", ""殺蟲劑Imidacloprid 益達胺0."", ""殺菌劑Iprodione 依普同0."", ""殺菌劑Mandipropamid 曼普胺0.""]",2026-05-03T02:57:09.821513+08:00
2026-05-03T02:57:09.821513+08:00,2024,小葉菜類,內湖,不符合規定,三軍總醫院營養部,三軍總醫院營養部/臺北市內湖區成功路2段325號B1,"[""殺蟲劑Chlorfenapyr 克凡派2."", ""殺蟲劑Fipronil 芬普尼0.435ppm及芬普尼代謝物Fipronil-sulfone0.083ppm，合計共0."", ""殺蟲劑Indoxacarb 因得克3."", ""殺蟲劑Pyriproxyfen 百利普芬1.""]",2026-05-03T02:57:09.821513+08:00
2026-05-03T02:57:09.821513+08:00,2024,小葉菜類,士林,不符合規定,統康生活事業股份有限公司天母分公司（Mia C'bon）,統康生活事業股份有限公司天母分公司（Mia C'bon）/臺北市士林區天母西路3號2樓,"[""殺蟲劑Chlorfenapyr 克凡派2."", ""殺蟲劑Indoxacarb 因得克2.""]",2026-05-03T02:57:09.821513+08:00
2026-05-03T02:57:09.821513+08:00,2024,小葉菜類,南港,不符合規定,灃群物流有限公司,灃群物流有限公司/臺北市萬華區環河南路3段117、119號,"[""殺菌劑Flutolanil福多寧2.9ppm（標準：2.0ppm以下）"", ""殺蟲劑Methomyl納乃得5.8ppm（標準：3.0ppm以下）""]",2026-05-03T02:57:09.821513+08:00
2026-05-03T02:57:09.821513+08:00,2024,香辛植物及其他草木本植物,中山,不符合規定,蔬菜攤(程O明),蔬菜攤(程O明)/臺北市中山區錦西街26號,"[""殺草劑Linuron 理有龍0.""]",2026-05-03T02:57:09.821513+08:00
2026-05-03T02:57:09.821513+08:00,2024,小葉菜類,中山,不符合規定,人杰老四川餐飲管理顧問股份有限公司台北南京東分公司（老四川巴蜀麻辣燙）,人杰老四川餐飲管理顧問股份有限公司台北南京東分公司（老四川巴蜀麻辣燙）/臺北市中山區南京東路2段45號1-2樓、47號1-3樓,"[""殺菌劑Thifluzamide賽氟滅0.02ppm（標準：不得檢出）""]",2026-05-03T02:57:09.821513+08:00
2026-05-03T02:57:09.821513+08:00,2024,香辛植物及其他草木本植物,士林,不符合規定,全聯實業股份有限公司天母天玉分公司(全聯福利中心),全聯實業股份有限公司天母天玉分公司(全聯福利中心)/臺北市士林區天母西路3號地下,"[""殺草劑Linuron理有龍0.02ppm（標準：不得檢出）""]",2026-05-03T02:57:09.821513+08:00
2026-05-03T02:57:09.821513+08:00,2024,香辛植物及其他草木本植物,松山,不符合規定,尚揚蔬果行,尚揚蔬果行/臺北市松山區南京東路5段291巷30號1樓,"[""殺蟲劑Diazinon 大利松0.""]",2026-05-03T02:57:09.821513+08:00
2026-05-03T02:57:09.821513+08:00,2024,小葉菜類,中山,不符合規定,第二果菜批發市場18-08號攤,第二果菜批發市場18-08號攤/臺北市中山區民族東路336號,"[""殺蟎劑Spirodiclofen 賜派芬0.""]",2026-05-03T02:57:09.821513+08:00
2026-05-03T02:57:09.821513+08:00,2024,根莖菜類,南港,不符合規定,景O文,景O文/臺北市萬華區環河南路2段245號115號攤,"[""殺蟲劑Fipronil芬普尼0.001ppm、Fipronil-sulfone芬普尼代謝物0.003ppm，合計共0.004ppm（標準：0.001ppm以下）""]",2026-05-03T02:57:09.821513+08:00
2026-05-03T02:57:09.821513+08:00,2024,小葉菜類,南港,不符合規定,景O文,景O文/臺北市萬華區環河南路2段245號115號攤,"[""殺草劑Oxadiazon 樂滅草0.""]",2026-05-03T02:57:09.821513+08:00
2026-05-03T02:57:09.821513+08:00,2024,果菜類,中山,不符合規定,第二果菜批發市場19-09號攤,第二果菜批發市場19-09號攤/臺北市中山區民族東路336號1樓,"[""殺蟲劑Profenophos 佈飛松1.""]",2026-05-03T02:57:09.821513+08:00
2026-05-03T02:57:09.821513+08:00,2024,小葉菜類,信義,不符合規定,同學の店,同學の店/臺北市信義區仁愛路4段496巷19號,"[""殺蟲劑Imidacloprid益達胺1.7pm（標準：1.0ppm以下）""]",2026-05-03T02:57:09.821513+08:00
2026-05-03T02:57:09.821513+08:00,2024,小葉菜類,中正,不符合規定,三商家購股份有限公司中正汀州分公司（美廉社中正汀州店）,三商家購股份有限公司中正汀州分公司（美廉社中正汀州店）/臺北市中正區汀州路1段220號,"[""殺菌劑Flutolanil 福多寧2.""]",2026-05-03T02:57:09.821513+08:00
2026-05-03T02:57:09.821513+08:00,2024,小葉菜類,信義,不符合規定,築間餐飲事業股份有限公司信義世貿營業所(築間幸福鍋物),築間餐飲事業股份有限公司信義世貿營業所(築間幸福鍋物)/臺北市信義區基隆路1段426號1樓,"[""殺蟲劑Chlorfenapyr 克凡派1.""]",2026-05-03T02:57:09.821513+08:00
2026-05-03T02:57:09.821513+08:00,2024,根莖菜類,南港,不符合規定,捷達農產企業社,捷達農產企業社/臺北市萬華區萬大路424巷151號環南市場甲棟1樓第121號攤,"[""殺蟲劑Clothianidin可尼丁0.15 ppm（標準：0.02 ppm以下）"", ""殺蟲劑Thiamethoxam賽速安0.91 ppm（標準：0."", ""以下）"", ""殺蟲劑Trichlorfon三氯松0.08 ppm（標準：0.01 ppm以下）"", ""殺蟲劑Cyhalothrin賽洛寧0.08 ppm（標準：0.01 ppm以下）""]",2026-05-03T02:57:09.821513+08:00
2026-05-03T02:57:09.821513+08:00,2024,根莖菜類,內湖,不符合規定,純香食品行,純香食品行/臺北市內湖區南京東路6段330巷18弄15號2樓,"[""殺蟲劑Chlorfenapyr克凡派0.08 ppm（標準：0.05 ppm以下）"", ""殺蟲劑Chlorpyrifos陶斯松0.01 ppm（標準：不得檢出）殺蟲劑Fipronil-sulfone芬普尼代謝物0.004 ppm（標準： 0.001ppm以下）""]",2026-05-03T02:57:09.821513+08:00
2026-05-03T02:57:09.821513+08:00,2024,包葉菜類,信義,不符合規定,吉米蔬果行,吉米蔬果行/臺北市信義區中坡南路257號及261號,"[""殺蟲劑Acetamiprid亞滅培2.5 ppm（標準：2.0 ppm以下）"", ""殺菌劑Dimethomorph達滅芬3.7 ppm（標準：2.5ppm以下）"", ""殺菌劑Tebuconazole得克利1.47 ppm（標準：0.05ppm以下）""]",2026-05-03T02:57:09.821513+08:00
2026-05-03T02:57:09.821513+08:00,2024,包葉菜類,南港,不符合規定,第一果菜批發市場,第一果菜批發市場/臺北市萬華區萬大路533號地號1209,"[""殺菌劑Propamocarb hydrochloride普拔克6.6ppm（標準： 5.0ppm以下）"", ""殺菌劑Tebuconazole得克利0.23ppm（標準：0.05 ppm以下）""]",2026-05-03T02:57:09.821513+08:00
2026-05-03T02:57:09.821513+08:00,2024,小葉菜類,中山,不符合規定,謝O壹,謝O壹/臺北市中山區民族東路410巷2弄O號前,"[""殺菌劑Propam ocarb hydrochloride普拔克11.6ppm（標準：5.0ppm以下）"", ""殺菌劑Tebuconazole得克利0.16ppm（標準：0.05ppm以下）""]",2026-05-03T02:57:09.821513+08:00
2026-05-03T02:57:09.821513+08:00,2024,根莖菜類,大安,不符合規定,台北市農會蔬果舖子,台北市農會蔬果舖子/臺北市大安區復興南路1段340巷旁空地,"[""殺蟲劑Thiamethoxam賽速安0.52ppm（標準：0.25ppm以下）""]",2026-05-03T02:57:09.821513+08:00
2026-05-03T02:57:09.821513+08:00,2024,果菜類,南港,不符合規定,3499林O鴦,3499林O鴦/臺北市萬華區萬大路533號第一果菜批發市場地號2215,"[""殺菌劑Cyprodinil賽普洛0.8ppm（標準：0.5ppm以下）""]",2026-05-03T02:57:09.821513+08:00
2026-05-03T02:57:09.821513+08:00,2024,竹笙,信義,不符合規定,蝦皮購物-台瑞格(美食&日用品),蝦皮購物-台瑞格(美食&日用品),"[""1.殺蟲劑克凡派0.09ppm（標準：0.05ppm以下）"", ""2.產品外包裝未依規定以中文標示""]",2026-05-03T02:57:09.821513+08:00
2026-05-03T02:57:09.821513+08:00,2024,竹笙,信義,不符合規定,鼎昌雜糧行(易順興雜糧行),鼎昌雜糧行(易順興雜糧行)/臺北市信義區仁愛路4段452巷21號,"[""重金屬鎘5mg/kg""]",2026-05-03T02:57:09.821513+08:00
2026-05-03T02:57:09.821513+08:00,2024,竹笙,信義,不符合規定,蝦皮購物-台瑞格(美食&日用品),蝦皮購物-台瑞格(美食&日用品),"[""1.重金屬鎘5mg/kg（標準：2mg/kg以下）"", ""2.產品屬包裝食品惟未依規定以中文標示""]",2026-05-03T02:57:09.821513+08:00
2026-05-03T02:57:09.821513+08:00,2024,竹笙,大安,不符合規定,鼎旺麻辣有限公司(鼎旺麻辣鍋),鼎旺麻辣有限公司(鼎旺麻辣鍋)/臺北市大安區大安路1段 251號,"[""重金屬鎘3mg/kg""]",2026-05-03T02:57:09.821513+08:00
2026-05-03T02:57:09.821513+08:00,2024,豆乾類,大同,不符合規定,八玖食小食樂趣,八玖食小食樂趣/臺北市大同區迪化街1段21號永樂市場 1019攤,"[""1.防腐劑苯甲酸1.0g/kg（標準：0.6g/kg以下）、己二烯酸4.0g/kg（標準：2.0g/kg以下）"", ""2.產品屬包裝食品惟未依規定以中文標示""]",2026-05-03T02:57:09.821513+08:00
2026-05-03T02:57:09.821513+08:00,2024,豆乾類,南港,不符合規定,正祥食品行（黃日香豆干台北總店）,正祥食品行（黃日香豆干台北總店）/臺北市萬華區中華路2段66號1樓/實際抽驗地址為64號,"[""防腐劑己二烯酸2.3g/kg（標準：2.0g/kg以下）""]",2026-05-03T02:57:09.821513+08:00
2026-05-03T02:57:09.821513+08:00,2024,蕈菜類,南港,不符合規定,大福慧素食食品商行,大福慧素食食品商行/臺北市萬華區西藏路293號1樓,"[""生長調節劑Chlormequat克美素0.13ppm（標準：不得檢出）""]",2026-05-03T02:57:09.821513+08:00
2026-05-03T02:57:09.821513+08:00,2024,巴西蘑菇,大同,不符合規定,勝隆南北雜貨行,勝隆南北雜貨行/臺北市大同區迪化街1段258號1樓,"[""重金屬鎘9mg/kg（標準：2mg/kg以下）""]",2026-05-03T02:57:09.821513+08:00
2026-05-03T02:57:09.821513+08:00,2024,香辛植物類,信義,不符合規定,興長生蔘藥行,興長生蔘藥行/臺北市信義區吳興街197號,"[""殺蟲劑Acetamiprid亞滅培1.08ppm（標準：0.05ppm以下）"", ""殺蟲劑Bifenthrin畢芬寧0.07ppm（標準：0.03ppm以下）"", ""殺蟲劑Carbofuran加保扶0.82ppm（標準：不得檢出）殺蟲劑Chlorpyrifos陶斯松0.35ppm（標準：不得檢出）殺蟲劑Clothianidin可尼丁0.08ppm（標準：0.03ppm以下）"", ""殺菌劑Difenoconazole待克利0.32ppm（標準：0.05ppm以下）"", ""殺蟲劑Imidacloprid益達胺0.27ppm（標準：0.05ppm以下）"", ""殺菌劑Pyraclostrobin百克敏0.57ppm（標準：0.05ppm以下）"", ""殺菌劑Tebuconazole得克利0.85ppm（標準：0.05ppm以下"", ""殺蟲劑Cyhalothrin賽洛寧0.08ppm（標準：0.03ppm以下）""]",2026-05-03T02:57:09.821513+08:00
2026-05-03T02:57:09.821513+08:00,2024,木耳,中正,不符合規定,趙不金號(協盛福州商店),趙不金號(協盛福州商店)/臺北市中正區羅斯福路1段8號 1樓南門市場1F-20,"[""殺蟲劑Imidacloprid益達胺0."", ""殺蟲劑Phoxim巴賽松0.""]",2026-05-03T02:57:09.821513+08:00
2026-05-03T02:57:09.821513+08:00,2024,花生製品,信義,不符合規定,彼娜滋,彼娜滋,"[""1.黃麴毒素B1：27.3µg/kg（標準：2µg/kg以下）及總黃麴毒素：33.5µg/kg（標準：4µg/kg以下）"", ""2.產品外包裝未標示「內容物名稱」、「淨重、容量或數量」、「製造廠商或國內負責廠商名稱」、「原產地"", ""（國）」、「營養標示」，且未標示「有效日期」字樣""]",2026-05-03T02:57:09.821513+08:00
2026-05-03T02:57:09.821513+08:00,2024,竹笙,內湖,不符合規定,萬年興商行,萬年興商行/臺北市內湖區內湖路3段107號1樓,"[""產品屬包裝食品惟未依規定以中文標示""]",2026-05-03T02:57:09.821513+08:00
2026-05-03T02:57:09.821513+08:00,2024,花生製品,信義,不符合規定,蝦皮-巧巧精品冷凍食品團購窩,蝦皮-巧巧精品冷凍食品團購窩,"[""產品外包裝未標示「品名」、「內容物名稱」、「淨 重、容量或數量」、「原產地（國）」及「有效日期」且營養標示未標示「每100公克（或毫升）」""]",2026-05-03T02:57:09.821513+08:00
2026-05-03T02:57:09.821513+08:00,2024,水產及其加工品,內湖,不符合規定,三允有限公司(米特肉舖),三允有限公司(米特肉舖)/臺北市內湖區成功路4段30巷 10號,"[""檢出防腐劑己二烯酸0.24g/kg（標準：2.0g/kg以下），惟外包裝未標示該食品添加物名稱，及標示「不添加防腐劑」字樣，標示不實""]",2026-05-03T02:57:09.821513+08:00
